Timestamp,Transaction ID,Sender Account,Total Sent Amount,Receiver Account,Receiver Amount,Token Symbol,Memo,Fee (HBAR)
2024-12-07T18:37:07.000Z,0.0.513290-1733596615-024126972,0.0.513290,1100,0.0.7782164,1000,HashBuzzer,Hashbuzz escrow payment,0.00417371
2024-12-07T17:43:28.000Z,0.0.4319673-1733593394-434639923,0.0.4319673,99000,0.0.7782164,90000,HashBuzzer,Hashbuzz escrow payment,0.00410711
2024-12-07T18:37:07.000Z,0.0.513290-1733596615-024126972,0.0.513290,1100,0.0.7781966,100,HashBuzzer,Hashbuzz escrow payment,0.00417371
2024-12-07T17:43:28.000Z,0.0.4319673-1733593394-434639923,0.0.4319673,99000,0.0.7781966,9000,HashBuzzer,Hashbuzz escrow payment,0.00410711
2024-11-07T06:04:11.000Z,0.0.7217243-1730959439-949166281,0.0.7217243,10,0.0.7450773,10,HashBuzzer,,0.02041494
2024-11-12T10:03:37.000Z,0.0.7217243-1731405808-137989831,0.0.7217243,210,0.0.7428461,210,HashBuzzer,,0.0165863
2024-11-07T05:54:32.000Z,0.0.7217243-1730958858-560646386,0.0.7217243,120,0.0.7428461,120,HashBuzzer,,0.02024958
2024-11-04T12:06:30.000Z,0.0.7217243-1730721977-603721392,0.0.7217243,15,0.0.7428461,15,HashBuzzer,,0.02334567
2024-10-28T16:42:17.000Z,0.0.7217243-1730133726-598471098,0.0.7217243,15,0.0.7299329,15,HashBuzzer,,0.02054036
2024-10-19T15:08:55.000Z,0.0.3066235-1729350520-737497348,0.0.3066235,9850,0.0.7217243,9850,HashBuzzer,,0.01893967
2024-10-17T18:23:49.000Z,0.0.7017263-1729189418-612651958,0.0.7017263,1000,0.0.7214569,1000,HashBuzzer,Hashbuzz Champion,0.01961764
2024-11-12T10:17:47.000Z,0.0.7217243-1731406654-264307989,0.0.7217243,7532,0.0.7017263,7532,HashBuzzer,,0.0165863
2024-11-01T10:52:06.000Z,0.0.7017263-1730458313-256281377,0.0.7017263,1000,0.0.6991558,1000,HashBuzzer,Hashbuzz Champion,0.02044982
2024-10-27T13:29:59.000Z,0.0.7017263-1730035787-202313716,0.0.7017263,50,0.0.6972790,50,HashBuzzer,Hashbuzz Champion,0.0207744
2024-10-28T07:59:09.000Z,0.0.7017263-1730102337-071468156,0.0.7017263,50,0.0.6646302,50,HashBuzzer,Hashbuzz Social,0.02082499
2024-11-07T06:02:33.000Z,0.0.7217243-1730959342-224667805,0.0.7217243,10,0.0.6588728,10,HashBuzzer,,0.02041494
2024-11-04T12:09:00.000Z,0.0.7217243-1730722130-601850616,0.0.7217243,10,0.0.6588728,10,HashBuzzer,,0.02334567
2024-11-04T12:04:10.000Z,0.0.7217243-1730721838-763482273,0.0.7217243,5,0.0.6588728,5,HashBuzzer,,0.02334567
2024-10-28T16:39:24.000Z,0.0.7217243-1730133554-316818614,0.0.7217243,25,0.0.6588728,25,HashBuzzer,,0.02054036
2024-10-27T13:26:04.000Z,0.0.7017263-1730035555-870622009,0.0.7017263,50,0.0.6588728,50,HashBuzzer,Hashbuzz Champion,0.0207744
2024-10-25T18:06:20.000Z,0.0.7017263-1729879566-816222843,0.0.7017263,1000,0.0.6588728,1000,HashBuzzer,Hashbuzz Champion,0.01985481
2024-10-17T05:50:28.000Z,0.0.3066235-1729144216-340812480,0.0.3066235,10,0.0.6588728,10,HashBuzzer,,0.01889782
2024-11-28T11:47:54.000Z,0.0.2554766-1732794459-270899140,0.0.2554766,100,0.0.6450934,100,HashBuzzer,,0.00728813
2024-11-09T13:05:48.000Z,0.0.2554766-1731157535-901859342,0.0.2554766,1000,0.0.6450934,1000,HashBuzzer,,0.01933732
2024-11-09T10:57:21.000Z,0.0.2554766-1731149830-465506660,0.0.2554766,1000,0.0.6450934,1000,HashBuzzer,,0.0195196
2024-11-08T13:46:50.000Z,0.0.2554766-1731073596-842758963,0.0.2554766,1000,0.0.6450934,1000,HashBuzzer,,0.01934604
2024-10-27T14:15:22.000Z,0.0.7017263-1730038510-929791326,0.0.7017263,50,0.0.6236134,50,HashBuzzer,Hashbuzz Champion,0.0206354
2024-10-28T07:57:12.000Z,0.0.7017263-1730102219-675146359,0.0.7017263,50,0.0.6093181,50,HashBuzzer,Hashbuzz Champion,0.02082611
2024-10-16T13:06:19.000Z,0.0.3066235-1729083966-425155898,0.0.3066235,20,0.0.6062498,20,HashBuzzer,,0.01834129
2024-11-12T10:11:18.000Z,0.0.7217243-1731406267-003032398,0.0.7217243,10,0.0.5997202,10,HashBuzzer,,0.0165863
2024-11-12T10:04:58.000Z,0.0.7217243-1731405884-750122208,0.0.7217243,30,0.0.5997202,30,HashBuzzer,,0.0165863
2024-11-07T05:49:34.000Z,0.0.7217243-1730958563-333155906,0.0.7217243,20,0.0.5997202,20,HashBuzzer,,0.02024958
2024-11-04T12:05:11.000Z,0.0.7217243-1730721898-731885965,0.0.7217243,25,0.0.5997202,25,HashBuzzer,,0.02334567
2024-10-28T03:51:25.000Z,0.0.7017263-1730087472-792302410,0.0.7017263,50,0.0.5997202,50,HashBuzzer,HashBuzzer Champion,0.0207192
2024-10-28T07:57:47.000Z,0.0.7017263-1730102254-977958360,0.0.7017263,50,0.0.5806502,50,HashBuzzer,Hashbuzz Champion,0.02082611
2024-10-27T17:14:28.000Z,0.0.7017263-1730049254-359374805,0.0.7017263,50,0.0.5639608,50,HashBuzzer,Hashbuzz Champion,0.02028069
2024-10-17T16:43:46.000Z,0.0.7017263-1729183413-659351634,0.0.7017263,1000,0.0.5378059,1000,HashBuzzer,Hashbuzz Champion,0.01962289
2024-11-07T06:01:52.000Z,0.0.7217243-1730959299-917358470,0.0.7217243,10,0.0.5131555,10,HashBuzzer,,0.02041494
2024-10-27T13:25:06.000Z,0.0.7017263-1730035496-803257504,0.0.7017263,50,0.0.5131555,50,HashBuzzer,Hashbuzz Champion,0.0207744
2024-10-25T18:44:55.000Z,0.0.7017263-1729881882-806565111,0.0.7017263,1000,0.0.5131555,1000,HashBuzzer,Hashbuzz Champion,0.01985481
2024-10-25T17:29:01.000Z,0.0.7217243-1729877329-401661283,0.0.7217243,5,0.0.5131555,5,HashBuzzer,,0.0198727
2024-10-23T08:58:31.000Z,0.0.7217243-1729673901-935824825,0.0.7217243,15,0.0.5131555,15,HashBuzzer,,0.01928379
2024-10-19T15:16:08.000Z,0.0.7217243-1729350956-185176894,0.0.7217243,15,0.0.5131555,15,HashBuzzer,,0.01893967
2024-10-17T05:52:21.000Z,0.0.3066235-1729144326-777831645,0.0.3066235,10,0.0.5131555,10,HashBuzzer,,0.01889782
2024-10-16T13:08:04.000Z,0.0.3066235-1729084074-079696215,0.0.3066235,10,0.0.5131555,10,HashBuzzer,,0.01834129
2024-10-14T17:00:05.000Z,0.0.7017263-1728925194-904885242,0.0.7017263,1000,0.0.5131555,1000,HashBuzzer,Hashbuzz Champion,0.01879158
2024-10-27T13:30:20.000Z,0.0.7017263-1730035810-407882895,0.0.7017263,50,0.0.5085227,50,HashBuzzer,Hashbuzz Champion,0.0207744
2024-11-12T10:02:42.000Z,0.0.7217243-1731405748-632418346,0.0.7217243,20,0.0.5026530,20,HashBuzzer,,0.0165863
2024-11-07T05:48:46.000Z,0.0.7217243-1730958516-784314667,0.0.7217243,10,0.0.5026530,10,HashBuzzer,,0.02024958
2024-10-28T16:39:53.000Z,0.0.7217243-1730133583-075945624,0.0.7217243,13,0.0.4953175,13,HashBuzzer,,0.02054036
2024-10-27T13:29:39.000Z,0.0.7017263-1730035770-035980880,0.0.7017263,50,0.0.4953175,50,HashBuzzer,Hashbuzz Champion,0.0207744
2024-10-17T18:18:05.000Z,0.0.7017263-1729189075-699732410,0.0.7017263,1000,0.0.4953175,1000,HashBuzzer,Hashbuzz Champion,0.01961764
2024-10-16T13:07:14.000Z,0.0.3066235-1729084025-658077502,0.0.3066235,10,0.0.4953175,10,HashBuzzer,,0.01834129
2024-11-12T10:11:41.000Z,0.0.7217243-1731406289-884348594,0.0.7217243,70,0.0.4856498,70,HashBuzzer,,0.0165863
2024-11-07T05:47:29.000Z,0.0.7217243-1730958440-852833229,0.0.7217243,35,0.0.4856498,35,HashBuzzer,,0.02024958
2024-11-04T11:57:42.000Z,0.0.7217243-1730721451-326916967,0.0.7217243,20,0.0.4856498,20,HashBuzzer,,0.02350669
2024-10-28T16:36:08.000Z,0.0.7217243-1730133358-857163871,0.0.7217243,10,0.0.4856498,10,HashBuzzer,,0.02054036
2024-10-23T08:59:12.000Z,0.0.7217243-1729673939-815709100,0.0.7217243,5,0.0.4856498,5,HashBuzzer,,0.01928379
2024-10-19T15:15:40.000Z,0.0.7217243-1729350927-978077097,0.0.7217243,25,0.0.4856498,25,HashBuzzer,,0.01893967
2024-10-17T05:49:21.000Z,0.0.3066235-1729144150-824097714,0.0.3066235,10,0.0.4856498,10,HashBuzzer,,0.01889782
2024-11-12T10:05:24.000Z,0.0.7217243-1731405913-921105590,0.0.7217243,30,0.0.4791394,30,HashBuzzer,,0.0165863
2024-11-07T05:49:55.000Z,0.0.7217243-1730958582-885269766,0.0.7217243,30,0.0.4791394,30,HashBuzzer,,0.02024958
2024-10-28T16:35:28.000Z,0.0.7217243-1730133314-995745159,0.0.7217243,15,0.0.4791394,15,HashBuzzer,,0.02054036
2024-10-27T13:25:38.000Z,0.0.7017263-1730035529-202775792,0.0.7017263,50,0.0.4791394,50,HashBuzzer,Hashbuzz Champion,0.0207744
2024-10-25T18:07:52.000Z,0.0.7217243-1729879663-082171757,0.0.7217243,15,0.0.4791394,15,HashBuzzer,,0.01984578
2024-10-25T16:32:47.000Z,0.0.7017263-1729873953-037939857,0.0.7017263,1000,0.0.4791394,1000,HashBuzzer,Hashbuzz Champion,0.01964831
2024-10-27T13:27:04.000Z,0.0.7017263-1730035616-207757842,0.0.7017263,50,0.0.4791331,50,HashBuzzer,Hashbuzz Champion,0.0207744
2024-10-14T16:51:54.000Z,0.0.7017263-1728924704-024565413,0.0.7017263,1000,0.0.4791331,1000,HashBuzzer,Hashbuzz Champion,0.01898374
2024-10-27T13:24:34.000Z,0.0.7017263-1730035462-931633249,0.0.7017263,50,0.0.4749255,50,HashBuzzer,Hashbuzz Champion,0.0207744
2024-10-29T13:05:45.000Z,0.0.7017263-1730207132-849297178,0.0.7017263,50,0.0.4748281,50,HashBuzzer,Hashbuzz Champion,0.02044982
2024-10-27T17:13:29.000Z,0.0.7017263-1730049197-323165470,0.0.7017263,50,0.0.4721468,50,HashBuzzer,Hashbuzz Champion,0.02028069
2024-10-28T16:33:17.000Z,0.0.7217243-1730133186-982286491,0.0.7217243,10,0.0.4624432,10,HashBuzzer,,0.02054036
2024-10-12T11:03:43.000Z,0.0.7017263-1728731009-683310427,0.0.7017263,1000,0.0.4624432,1000,HashBuzzer,Hashbuzz Champion,0.01938457
2024-11-12T10:10:57.000Z,0.0.7217243-1731406247-530560999,0.0.7217243,35,0.0.4607653,35,HashBuzzer,,0.0165863
2024-11-07T05:47:58.000Z,0.0.7217243-1730958467-212116929,0.0.7217243,25,0.0.4607653,25,HashBuzzer,,0.02024958
2024-11-04T11:59:39.000Z,0.0.7217243-1730721570-680833393,0.0.7217243,35,0.0.4607653,35,HashBuzzer,,0.02350669
2024-10-31T15:11:08.000Z,0.0.7217243-1730387456-785568031,0.0.7217243,5,0.0.4607653,5,HashBuzzer,,0.02044051
2024-10-27T10:18:28.000Z,0.0.7017263-1730024296-941983799,0.0.7017263,50,0.0.4607653,50,HashBuzzer,Hashbuzz Champoin,0.02070253
2024-10-25T17:27:43.000Z,0.0.7217243-1729877253-595263916,0.0.7217243,70,0.0.4607653,70,HashBuzzer,,0.0198727
2024-10-17T18:23:23.000Z,0.0.7017263-1729189389-643242837,0.0.7017263,1000,0.0.4607653,1000,HashBuzzer,Hashbuzz Champion,0.01961764
2024-11-01T10:52:29.000Z,0.0.7017263-1730458339-625280849,0.0.7017263,1000,0.0.4589800,1000,HashBuzzer,Hashbuzz Champion,0.02044982
2024-10-28T03:58:05.000Z,0.0.7017263-1730087871-610127106,0.0.7017263,50,0.0.4526279,50,HashBuzzer,Hashbuzz Social,0.02071698
2024-10-28T03:56:57.000Z,0.0.7017263-1730087804-671049512,0.0.7017263,50,0.0.4526215,50,HashBuzzer,Hashbuzz Champion,0.02071809
2024-10-28T03:56:18.000Z,0.0.7017263-1730087767-152769862,0.0.7017263,50,0.0.4526173,50,HashBuzzer,Hashbuzz Champion,0.02071809
2024-10-28T03:55:18.000Z,0.0.7017263-1730087705-859114672,0.0.7017263,50,0.0.4526136,50,HashBuzzer,Hashbuzz Champion,0.02071809
2024-10-28T03:54:26.000Z,0.0.7017263-1730087655-012852960,0.0.7017263,50,0.0.4526059,50,HashBuzzer,Hashbuzz Champion,0.02071809
2024-10-28T03:53:39.000Z,0.0.7017263-1730087608-854676534,0.0.7017263,50,0.0.4525396,50,HashBuzzer,Hashbuzz Social,0.02071698
2024-11-07T05:51:11.000Z,0.0.7217243-1730958662-869227908,0.0.7217243,10,0.0.4471392,10,HashBuzzer,,0.02024958
2024-10-27T10:17:30.000Z,0.0.7017263-1730024237-915617356,0.0.7017263,50,0.0.4471392,50,HashBuzzer,Hashbuzz Champion,0.02070253
2024-10-12T10:43:01.000Z,0.0.7017263-1728729771-283768288,0.0.7017263,1000,0.0.4383662,1000,HashBuzzer,Hashbuzz Champion,0.01932123
2024-10-29T13:07:29.000Z,0.0.7017263-1730207236-020296864,0.0.7017263,50,0.0.4377912,50,HashBuzzer,Hashbuzz Champion,0.02044982
2024-10-14T16:57:40.000Z,0.0.7017263-1728925050-129308965,0.0.7017263,1000,0.0.4375876,1000,HashBuzzer,Hashbuzz Champion,0.01898374
2024-10-28T03:52:32.000Z,0.0.7017263-1730087540-562722362,0.0.7017263,50,0.0.4355560,50,HashBuzzer,Hashbuzz Champion,0.02071809
2024-12-12T21:09:19.000Z,0.0.7781966-1734037749-276005671,0.0.7782164,22,0.0.4324445,22,HashBuzzer,Engagement Reward from @HashbuzzSocial for your activity on X,0.00338278
2024-11-07T06:02:12.000Z,0.0.7217243-1730959322-986538814,0.0.7217243,10,0.0.4324445,10,HashBuzzer,,0.02041494
2024-10-31T15:10:37.000Z,0.0.7217243-1730387427-397871893,0.0.7217243,5,0.0.4324445,5,HashBuzzer,,0.02044051
2024-10-20T13:11:12.000Z,0.0.7017263-1729429859-227262608,0.0.7017263,1000,0.0.4324445,1000,HashBuzzer,Hashbuzz Champion,0.01884629
2024-10-19T15:10:48.000Z,0.0.7217243-1729350637-093699260,0.0.7217243,20,0.0.4324445,20,HashBuzzer,,0.01893967
2024-12-07T17:42:30.000Z,0.0.7017263-1733593338-380893402,0.0.7017263,100582,0.0.4319673,100582,HashBuzzer,Points to be rewarded for User engagements on @HashbuzzSocial,0.00295362
2024-10-17T18:22:55.000Z,0.0.7017263-1729189363-760883814,0.0.7017263,1000,0.0.4318040,1000,HashBuzzer,Hashbuzz Champion,0.01961764
2024-10-24T21:00:42.000Z,0.0.7017263-1729803631-794714438,0.0.7017263,100,0.0.4245822,100,HashBuzzer,Hashbuzz Champion,0.01932994
2024-10-24T18:00:15.000Z,0.0.7017263-1729792800-333207511,0.0.7017263,100,0.0.4245755,100,HashBuzzer,Hashbuzz Champion,0.01943877
2024-10-25T17:27:08.000Z,0.0.7217243-1729877216-616028983,0.0.7217243,20,0.0.4228395,20,HashBuzzer,,0.0198727
2024-11-12T10:16:25.000Z,0.0.7217243-1731406574-065307752,0.0.7217243,15,0.0.4144458,15,HashBuzzer,,0.0165863
2024-11-12T10:15:30.000Z,0.0.7217243-1731406519-703833065,0.0.7217243,10,0.0.4144458,10,HashBuzzer,,0.0165863
2024-11-12T10:15:14.000Z,0.0.7217243-1731406505-067348618,0.0.7217243,10,0.0.4144458,10,HashBuzzer,,0.0165863
2024-11-12T10:12:50.000Z,0.0.7217243-1731406361-063760878,0.0.7217243,25,0.0.4144458,25,HashBuzzer,,0.0165863
2024-11-12T10:04:07.000Z,0.0.7217243-1731405835-188072067,0.0.7217243,80,0.0.4144458,80,HashBuzzer,,0.0165863
2024-11-07T06:02:51.000Z,0.0.7217243-1730959360-864624680,0.0.7217243,10,0.0.4144458,10,HashBuzzer,,0.02041494
2024-11-04T12:07:50.000Z,0.0.7217243-1730722057-240177398,0.0.7217243,5,0.0.4144458,5,HashBuzzer,,0.02334567
2024-11-04T12:05:35.000Z,0.0.7217243-1730721924-474719200,0.0.7217243,15,0.0.4144458,15,HashBuzzer,,0.02334567
2024-11-04T12:04:43.000Z,0.0.7217243-1730721872-698548862,0.0.7217243,10,0.0.4144458,10,HashBuzzer,,0.02334567
2024-11-04T11:58:37.000Z,0.0.7217243-1730721505-723196629,0.0.7217243,30,0.0.4144458,30,HashBuzzer,,0.02350669
2024-10-31T15:12:09.000Z,0.0.7217243-1730387519-749962789,0.0.7217243,5,0.0.4144458,5,HashBuzzer,,0.02044051
2024-10-31T15:08:59.000Z,0.0.7217243-1730387327-029459341,0.0.7217243,10,0.0.4144458,10,HashBuzzer,,0.02044051
2024-10-28T16:43:32.000Z,0.0.7217243-1730133800-270040745,0.0.7217243,70,0.0.4144458,70,HashBuzzer,,0.02054036
2024-10-28T16:38:25.000Z,0.0.7217243-1730133494-136471139,0.0.7217243,60,0.0.4144458,60,HashBuzzer,,0.02054036
2024-10-27T13:26:31.000Z,0.0.7017263-1730035582-129236554,0.0.7017263,50,0.0.4144458,50,HashBuzzer,Hashbuzz Champion,0.0207744
2024-10-20T13:35:43.000Z,0.0.7017263-1729431331-029819106,0.0.7017263,1000,0.0.4061924,1000,HashBuzzer,Hashbuzz Champion,0.01884629
2024-10-13T11:44:23.000Z,0.0.7017263-1728819852-078666057,0.0.7017263,10000,0.0.4061924,10000,HashBuzzer,Hashbuzz Champion,0.01956869
2024-10-27T13:27:31.000Z,0.0.7017263-1730035639-157399412,0.0.7017263,50,0.0.4040762,50,HashBuzzer,Hashbuzz Champion,0.0207744
2024-10-17T05:52:54.000Z,0.0.3066235-1729144360-972907881,0.0.3066235,10,0.0.4040762,10,HashBuzzer,,0.01889782
2024-10-12T13:06:50.000Z,0.0.7017263-1728738398-943808024,0.0.7017263,1000,0.0.4040762,1000,HashBuzzer,Hashbuzz Champion ,0.01942785
2024-10-12T12:04:20.000Z,0.0.7017263-1728734649-969481574,0.0.7017263,1000,0.0.4040762,1000,HashBuzzer,Hashbuzz Champion,0.01932185
2024-10-15T12:38:09.000Z,0.0.7017263-1728995875-577081281,0.0.7017263,1000,0.0.3925327,1000,HashBuzzer,Hashbuzz Champions ,0.0179668
2024-10-28T03:59:39.000Z,0.0.7017263-1730087966-182686123,0.0.7017263,50,0.0.3833132,50,HashBuzzer,Hashbuzz Champion,0.02071809
2024-10-13T15:09:39.000Z,0.0.7017263-1728832163-921503885,0.0.7017263,1000,0.0.3743132,1000,HashBuzzer,Hashbuzz Champion ,0.01973312
2024-10-31T15:11:46.000Z,0.0.7217243-1730387492-301101307,0.0.7217243,5,0.0.3732985,5,HashBuzzer,,0.02044051
2024-10-28T16:36:29.000Z,0.0.7217243-1730133379-307161885,0.0.7217243,10,0.0.3732985,10,HashBuzzer,,0.02054036
2024-10-19T15:11:33.000Z,0.0.7217243-1729350681-203569152,0.0.7217243,5,0.0.3732985,5,HashBuzzer,,0.01893967
2024-10-17T10:05:05.000Z,0.0.3066235-1729159494-856373647,0.0.3066235,10,0.0.3732985,10,HashBuzzer,,0.01942301
2024-10-17T05:53:50.000Z,0.0.3066235-1729144421-359641269,0.0.3066235,10,0.0.3732985,10,HashBuzzer,,0.01889782
2024-10-19T15:10:15.000Z,0.0.7217243-1729350606-445127744,0.0.7217243,10,0.0.3556606,10,HashBuzzer,,0.01893967
2024-10-12T10:42:37.000Z,0.0.7017263-1728729743-349917819,0.0.7017263,1000,0.0.3556606,1000,HashBuzzer,Hashbuzz Champion,0.01932123
2024-10-29T13:05:06.000Z,0.0.7017263-1730207093-291510174,0.0.7017263,50,0.0.3295268,50,HashBuzzer,Hashbuzz Champion,0.02044982
2024-11-12T10:03:02.000Z,0.0.7217243-1731405773-708657071,0.0.7217243,30,0.0.3292868,30,HashBuzzer,,0.0165863
2024-11-04T12:08:11.000Z,0.0.7217243-1730722079-736130416,0.0.7217243,10,0.0.3292868,10,HashBuzzer,,0.02334567
2024-11-01T10:49:51.000Z,0.0.7017263-1730458178-950694471,0.0.7017263,1000,0.0.3292868,1000,HashBuzzer,Hashbuzz Champion,0.02044982
2024-10-28T16:44:37.000Z,0.0.7217243-1730133868-180267278,0.0.7217243,20,0.0.3292868,20,HashBuzzer,,0.02054036
2024-10-28T14:27:51.000Z,0.0.7017263-1730125657-140057899,0.0.7017263,50,0.0.3292868,50,HashBuzzer,Hashbuzz Champion,0.02051812
2024-10-26T07:51:00.000Z,0.0.7017263-1729929046-675844315,0.0.7017263,1000,0.0.3288501,1000,HashBuzzer,Hashbuzz Champion,0.02076507
2024-11-09T13:35:05.000Z,0.0.7017263-1731159296-409173274,0.0.7017263,50,0.0.3103501,50,HashBuzzer,Hashbuzzer Champion,0.01934716
2024-10-23T08:58:03.000Z,0.0.7217243-1729673870-524485734,0.0.7217243,5,0.0.3103501,5,HashBuzzer,,0.01928379
2024-10-17T18:22:25.000Z,0.0.7017263-1729189334-885806568,0.0.7017263,1000,0.0.3103501,1000,HashBuzzer,Hashbuzz Champion,0.01961764
2024-10-15T14:06:10.000Z,0.0.7017263-1729001155-780194075,0.0.7017263,10000,0.0.3066235,10000,HashBuzzer,Hashbuzz Champion,0.01795704
2024-10-17T16:47:49.000Z,0.0.7017263-1729183657-008359887,0.0.7017263,1000,0.0.3034619,1000,HashBuzzer,Hashbuzz Champion,0.01962289
2024-10-19T11:38:21.000Z,0.0.7017263-1729337890-997067421,0.0.7017263,1000,0.0.3010578,1000,HashBuzzer,Hashbuzz Champion,0.01910946
2024-10-12T09:05:11.000Z,0.0.7017263-1728723899-297628150,0.0.7017263,10000,0.0.3010578,10000,HashBuzzer,Hashbuzz Champion  ,0.01935339
2024-10-12T10:41:12.000Z,0.0.7017263-1728729659-752729070,0.0.7017263,1000,0.0.2960280,1000,HashBuzzer,Hashbuzz Champion,0.01932123
2024-10-12T10:33:38.000Z,0.0.7017263-1728729205-252238854,0.0.7017263,1000,0.0.2960280,1000,HashBuzzer,Hashbuzz Champion,0.01932123
2024-11-09T13:30:36.000Z,0.0.7017263-1731159025-461417836,0.0.7017263,1000,0.0.2554766,1000,HashBuzzer,hashbuzzer Champion,0.01934716
2024-11-09T12:59:29.000Z,0.0.6450934-1731157155-753708807,0.0.6450934,1000,0.0.2554766,1000,HashBuzzer,,0.01943496
2024-11-09T08:55:21.000Z,0.0.6450934-1731142508-186692208,0.0.6450934,1000,0.0.2554766,1000,HashBuzzer,Test,0.01949686
2024-10-26T07:51:34.000Z,0.0.7017263-1729929085-374876902,0.0.7017263,1000,0.0.2554766,1000,HashBuzzer,Hashbuzz Champion,0.02076507
2024-10-24T18:01:22.000Z,0.0.7017263-1729792870-471656638,0.0.7017263,100,0.0.2552891,100,HashBuzzer,Hashbuzz Champion,0.01943877
2024-11-12T10:04:29.000Z,0.0.7217243-1731405859-189836302,0.0.7217243,100,0.0.2180226,100,HashBuzzer,,0.0165863
2024-11-07T05:59:23.000Z,0.0.7217243-1730959151-038847460,0.0.7217243,55,0.0.2180226,55,HashBuzzer,,0.02024958
2024-10-31T15:10:16.000Z,0.0.7217243-1730387407-487926977,0.0.7217243,5,0.0.2180226,5,HashBuzzer,,0.02044051
2024-10-28T16:42:45.000Z,0.0.7217243-1730133755-278630911,0.0.7217243,10,0.0.2180226,10,HashBuzzer,,0.02054036
2024-10-28T16:41:57.000Z,0.0.7217243-1730133705-521722371,0.0.7217243,50,0.0.2180226,50,HashBuzzer,,0.02054036
2024-10-23T08:56:32.000Z,0.0.7217243-1729673780-304392040,0.0.7217243,70,0.0.2180226,70,HashBuzzer,,0.01928379
2024-10-19T15:09:42.000Z,0.0.7217243-1729350572-174669836,0.0.7217243,10,0.0.2180226,10,HashBuzzer,,0.01893967
2024-10-19T07:27:31.000Z,0.0.7017263-1729322837-281933156,0.0.7017263,1000,0.0.2180226,1000,HashBuzzer,Hashbuzz Champion,0.01890524
2024-11-28T12:41:20.000Z,0.0.2554766-1732797667-715030158,0.0.2554766,10,0.0.2175921,10,HashBuzzer,,0.00728898
2024-10-13T15:10:29.000Z,0.0.7017263-1728832216-953609150,0.0.7017263,1000,0.0.2166614,1000,HashBuzzer,Hashbuzz Champion ,0.01973312
2024-10-29T13:03:35.000Z,0.0.7017263-1730207002-966622756,0.0.7017263,50,0.0.2161003,50,HashBuzzer,Hashbuzz Champion,0.02044982
2024-10-28T10:50:51.000Z,0.0.7017263-1730112635-455830861,0.0.7017263,50,0.0.2132663,50,HashBuzzer,Hashbuzz Champion,0.02053931
2024-10-27T17:32:34.000Z,0.0.7017263-1730050340-455942276,0.0.7017263,50,0.0.2031766,50,HashBuzzer,Hashbuzz Social,1.03301302
2024-10-29T13:07:02.000Z,0.0.7017263-1730207208-323412507,0.0.7017263,50,0.0.2031344,50,HashBuzzer,Hashbuzz Champion,0.02044982
2024-10-27T17:31:40.000Z,0.0.7017263-1730050290-575913050,0.0.7017263,50,0.0.2029586,50,HashBuzzer,Hashbuzz Champion ,0.02028123
2024-10-28T07:58:33.000Z,0.0.7017263-1730102300-281584387,0.0.7017263,50,0.0.2020145,50,HashBuzzer,Hashbuzz Champion,0.02082611
2024-11-01T00:28:49.000Z,0.0.7017263-1730420915-507188392,0.0.7017263,10000,0.0.1986648,10000,HashBuzzer,Hashbuzz Champion,0.02044982
2024-10-24T21:01:38.000Z,0.0.7017263-1729803684-422163431,0.0.7017263,100,0.0.1972499,100,HashBuzzer,Hashbuzz Champion,0.01932994
2024-11-12T10:12:26.000Z,0.0.7217243-1731406333-933400951,0.0.7217243,25,0.0.1933120,25,HashBuzzer,,0.0165863
2024-10-27T13:29:03.000Z,0.0.7017263-1730035734-414753112,0.0.7017263,50,0.0.1933120,50,HashBuzzer,Hashbuzz Champion,0.0207744
2024-10-19T15:14:37.000Z,0.0.7217243-1729350866-870919353,0.0.7217243,5,0.0.1933120,5,HashBuzzer,,0.01893967
2024-10-12T15:52:43.000Z,0.0.7017263-1728748352-804910422,0.0.7017263,1000,0.0.1933120,1000,HashBuzzer,Hashbuzz Champion,0.01939409
2024-12-12T22:08:36.000Z,0.0.7781966-1734041303-290495482,0.0.7782164,7,0.0.1792818,7,HashBuzzer,Engagement Reward from @HashbuzzSocial for your activity on X,0.0033454
2024-10-17T16:46:45.000Z,0.0.7017263-1729183592-863129850,0.0.7017263,1000,0.0.1750694,1000,HashBuzzer,Hashbuzz Champion,0.01962289
2024-10-27T14:08:04.000Z,0.0.7017263-1730038071-249323679,0.0.7017263,50,0.0.1733408,50,HashBuzzer,Hashbuzz Champion,0.0206354
2024-10-12T10:17:50.000Z,0.0.7017263-1728728256-395199854,0.0.7017263,1000,0.0.1733408,1000,HashBuzzer,Hashbuzz Champion ,0.01932175
2024-10-12T10:16:10.000Z,0.0.7017263-1728728159-379102034,0.0.7017263,1000,0.0.1733408,1000,HashBuzzer,Hashbuzz Champion ,0.01932175
2024-10-25T16:13:40.000Z,0.0.7017263-1729872805-111234219,0.0.7017263,100,0.0.1723398,100,HashBuzzer,Hashbuzz Champion,0.01964831
2024-10-12T10:30:04.000Z,0.0.7017263-1728728994-222577436,0.0.7017263,1000,0.0.1708785,1000,HashBuzzer,Hashbuzz Champion ,0.01932175
2024-10-12T15:41:26.000Z,0.0.7017263-1728747674-122863447,0.0.7017263,1000,0.0.1677635,1000,HashBuzzer,Hashbuzz Champion,0.01939409
2024-10-23T08:55:24.000Z,0.0.7217243-1729673714-662175137,0.0.7217243,10,0.0.1442079,10,HashBuzzer,,0.01928379
2024-10-12T10:26:44.000Z,0.0.7017263-1728728791-073396252,0.0.7017263,1000,0.0.1442079,1000,HashBuzzer,Hashbuzz Champion ,0.01932175
2024-10-20T13:36:19.000Z,0.0.7017263-1729431368-408330785,0.0.7017263,1000,0.0.1416263,1000,HashBuzzer,Hashbuzz Champion,0.01884629
2024-10-11T18:04:31.000Z,0.0.7017263-1728669858-870671429,0.0.7017263,10000,0.0.1416263,10000,HashBuzzer,Hashbuzz Champion ,0.01954427
2024-11-01T18:13:48.000Z,0.0.7017263-1730484815-513918728,0.0.7017263,10000,0.0.1383669,10000,HashBuzzer,Hashbuzz Champion,0.0217225
2024-10-17T18:21:59.000Z,0.0.7017263-1729189306-080205079,0.0.7017263,1000,0.0.1280405,1000,HashBuzzer,Hashbuzz Champion,0.01961764
2024-10-12T10:27:36.000Z,0.0.7017263-1728728845-164206659,0.0.7017263,1000,0.0.1262582,1000,HashBuzzer,Hashbuzz Champion ,0.01932175
2024-10-29T15:07:14.000Z,0.0.7017263-1730214421-379492399,0.0.7017263,50,0.0.1221428,50,HashBuzzer,Hashbuzz Champion,0.02044982
2024-10-14T17:02:17.000Z,0.0.7017263-1728925323-539070703,0.0.7017263,1000,0.0.1183366,1000,HashBuzzer,Hashbuzz Champion,0.01879158
2024-10-29T13:06:24.000Z,0.0.7017263-1730207174-112106479,0.0.7017263,50,0.0.1170731,50,HashBuzzer,Hashbuzz Champion,0.02044982
2024-10-12T10:20:36.000Z,0.0.7017263-1728728426-491173845,0.0.7017263,1000,0.0.1159806,1000,HashBuzzer,Hashbuzz Champion ,0.01932175
2024-10-14T18:20:20.000Z,0.0.7017263-1728930007-810320222,0.0.7017263,1000,0.0.1141876,1000,HashBuzzer,HashBuzzer  Champion,0.0189583
2024-10-17T18:21:32.000Z,0.0.7017263-1729189283-438859750,0.0.7017263,1000,0.0.1126576,1000,HashBuzzer,Hashbuzz Champion,0.01961764
2024-11-09T13:31:14.000Z,0.0.7017263-1731159063-634383161,0.0.7017263,1000,0.0.1117391,1000,HashBuzzer,Hashbuzzer Champion,0.01934716
2024-10-15T12:40:58.000Z,0.0.7017263-1728996046-969815796,0.0.7017263,1000,0.0.1117285,1000,HashBuzzer,Hashbuzz Champion,0.01796585
2024-10-17T18:21:06.000Z,0.0.7017263-1729189257-094002592,0.0.7017263,1000,0.0.1116317,1000,HashBuzzer,Hashbuzz Champion,0.01961764
2024-11-07T05:55:11.000Z,0.0.7217243-1730958900-832103885,0.0.7217243,60,0.0.1097530,60,HashBuzzer,,0.02024958
2024-11-04T12:08:36.000Z,0.0.7217243-1730722105-535325464,0.0.7217243,10,0.0.1097530,10,HashBuzzer,,0.02334567
2024-10-31T15:09:57.000Z,0.0.7217243-1730387387-159215160,0.0.7217243,5,0.0.1097530,5,HashBuzzer,,0.02044051
2024-10-28T16:46:16.000Z,0.0.7217243-1730133964-427493213,0.0.7217243,30,0.0.1097530,30,HashBuzzer,,0.02054036
2024-10-28T09:13:42.000Z,0.0.7217243-1730106812-199648893,0.0.7217243,10,0.0.1097530,10,HashBuzzer,,0.0205186
2024-10-28T09:11:34.000Z,0.0.7217243-1730106683-483019568,0.0.7217243,5,0.0.1097530,5,HashBuzzer,,0.0205186
2024-10-25T17:28:35.000Z,0.0.7217243-1729877305-087804139,0.0.7217243,5,0.0.1097530,5,HashBuzzer,,0.0198727
2024-10-23T08:56:58.000Z,0.0.7217243-1729673808-892659219,0.0.7217243,10,0.0.1097530,10,HashBuzzer,,0.01928379
2024-10-12T10:25:59.000Z,0.0.7017263-1728728745-820462652,0.0.7017263,1000,0.0.1097530,1000,HashBuzzer,Hashbuzz Champion ,0.01932175
2024-10-12T10:48:01.000Z,0.0.7017263-1728730071-615111810,0.0.7017263,1000,0.0.1097012,1000,HashBuzzer,Hashbuzz Champion,0.01932123
2024-11-04T11:58:13.000Z,0.0.7217243-1730721480-223207577,0.0.7217243,45,0.0.1079361,45,HashBuzzer,,0.02350669
2024-10-31T15:09:25.000Z,0.0.7217243-1730387356-101385734,0.0.7217243,20,0.0.1079361,20,HashBuzzer,,0.02044051
2024-10-27T17:16:36.000Z,0.0.7017263-1730049384-763679654,0.0.7017263,50,0.0.1079361,50,HashBuzzer,Hashbuzz Champion,0.02028069
2024-10-14T17:01:30.000Z,0.0.7017263-1728925276-903873418,0.0.7017263,1000,0.0.1077227,1000,HashBuzzer,Hashbuzz Champion,0.01879158
2024-10-17T16:42:28.000Z,0.0.7017263-1729183334-447268977,0.0.7017263,1000,0.0.1073706,1000,HashBuzzer,Hashbuzz Champion,0.01962289
2024-11-12T10:17:06.000Z,0.0.7217243-1731406613-031131301,0.0.7217243,10,0.0.1063232,10,HashBuzzer,,0.0165863
2024-11-07T05:49:12.000Z,0.0.7217243-1730958540-263373519,0.0.7217243,25,0.0.1063232,25,HashBuzzer,,0.02024958
2024-11-04T12:00:21.000Z,0.0.7217243-1730721609-222200293,0.0.7217243,60,0.0.1063232,60,HashBuzzer,,0.02334567
2024-10-31T15:12:30.000Z,0.0.7217243-1730387538-924542824,0.0.7217243,5,0.0.1063232,5,HashBuzzer,,0.02044051
2024-10-28T16:37:37.000Z,0.0.7217243-1730133447-958326268,0.0.7217243,5,0.0.1063232,5,HashBuzzer,,0.02054036
2024-10-27T13:22:15.000Z,0.0.7017263-1730035321-441505784,0.0.7017263,50,0.0.1063232,50,HashBuzzer,Hashbuzz Points,0.02077329
2024-10-12T11:22:42.000Z,0.0.7017263-1728732150-109371438,0.0.7017263,1000,0.0.1063232,1000,HashBuzzer,Hashbuzz Champion,0.01938457
2024-10-17T18:20:40.000Z,0.0.7017263-1729189227-120192571,0.0.7017263,1000,0.0.1044543,1000,HashBuzzer,Hashbuzz Champion,0.01961764
2024-10-12T10:41:33.000Z,0.0.7017263-1728729683-315943848,0.0.7017263,1000,0.0.1036441,1000,HashBuzzer,Hashbuzz Champion,0.01932123
2024-10-12T10:35:55.000Z,0.0.7017263-1728729344-650906253,0.0.7017263,1000,0.0.1001904,1000,HashBuzzer,Hashbuzz Champion,0.01932123
2024-11-01T06:45:11.000Z,0.0.7017263-1730443497-436254657,0.0.7017263,10000,0.0.974316,10000,HashBuzzer,Hashbuzz Champion ,0.02045037
2024-10-13T15:11:06.000Z,0.0.7017263-1728832253-336927744,0.0.7017263,1000,0.0.954296,1000,HashBuzzer,Hashbuzz Champion ,0.01973312
2024-11-12T10:16:07.000Z,0.0.7217243-1731406554-827693050,0.0.7217243,20,0.0.831944,20,HashBuzzer,,0.0165863
2024-10-28T16:38:01.000Z,0.0.7217243-1730133470-918212806,0.0.7217243,5,0.0.831944,5,HashBuzzer,,0.02054036
2024-10-25T17:29:28.000Z,0.0.7217243-1729877359-343138293,0.0.7217243,10,0.0.831944,10,HashBuzzer,,0.0198727
2024-10-17T05:53:15.000Z,0.0.3066235-1729144383-462555062,0.0.3066235,20,0.0.831944,20,HashBuzzer,,0.01889782
2024-10-20T13:36:45.000Z,0.0.7017263-1729431393-007210999,0.0.7017263,1000,0.0.819934,1000,HashBuzzer,Hashbuzz Champion,0.01884629
2024-10-11T16:31:03.000Z,0.0.7017263-1728664250-956053521,0.0.7017263,10000,0.0.819934,10000,HashBuzzer,Hashbuzz Champion ,0.01954057
2024-11-10T05:54:21.000Z,0.0.1116317-1731218051-400028469,0.0.1116317,1000,0.0.818698,1000,HashBuzzer,,0.0185901
2024-10-29T13:08:07.000Z,0.0.7017263-1730207278-374762125,0.0.7017263,50,0.0.813792,50,HashBuzzer,Hashbuzz Champion,0.02044982
2024-10-17T18:20:12.000Z,0.0.7017263-1729189199-810644672,0.0.7017263,1000,0.0.812534,1000,HashBuzzer,Hashbuzz Champion,0.01961764
2024-11-12T10:15:48.000Z,0.0.7217243-1731406537-426839662,0.0.7217243,20,0.0.791797,20,HashBuzzer,,0.0165863
2024-11-07T06:03:08.000Z,0.0.7217243-1730959378-250923191,0.0.7217243,10,0.0.791797,10,HashBuzzer,,0.02041494
2024-10-31T15:11:26.000Z,0.0.7217243-1730387473-693423269,0.0.7217243,5,0.0.791797,5,HashBuzzer,,0.02044051
2024-10-25T17:28:13.000Z,0.0.7217243-1729877283-664337582,0.0.7217243,15,0.0.791797,15,HashBuzzer,,0.0198727
2024-10-23T08:57:28.000Z,0.0.7217243-1729673839-886842252,0.0.7217243,5,0.0.791797,5,HashBuzzer,,0.01928379
2024-10-23T08:55:57.000Z,0.0.7217243-1729673745-196066570,0.0.7217243,5,0.0.791797,5,HashBuzzer,,0.01928379
2024-10-16T13:05:29.000Z,0.0.3066235-1729083916-589671554,0.0.3066235,10,0.0.791797,10,HashBuzzer,,0.01834129
2024-10-12T11:02:20.000Z,0.0.7017263-1728730926-471228060,0.0.7017263,1000,0.0.791797,1000,HashBuzzer,Hashbuzz Champion,0.01938457
2024-10-12T10:53:33.000Z,0.0.7017263-1728730400-071671628,0.0.7017263,1000,0.0.791797,1000,HashBuzzer,Hashbuzz Champion,0.01932123
2024-11-12T10:12:06.000Z,0.0.7217243-1731406317-306744797,0.0.7217243,10,0.0.789038,10,HashBuzzer,,0.0165863
2024-10-25T18:11:35.000Z,0.0.7017263-1729879883-815789029,0.0.7017263,1000,0.0.789038,1000,HashBuzzer,Hashbuzz Champion ,0.01985534
2024-10-17T05:51:53.000Z,0.0.3066235-1729144299-880828819,0.0.3066235,10,0.0.789038,10,HashBuzzer,,0.01889782
2024-10-16T13:02:55.000Z,0.0.3066235-1729083765-948800252,0.0.3066235,10,0.0.789038,10,HashBuzzer,,0.01834129
2024-10-15T14:01:05.000Z,0.0.7017263-1729000852-628068234,0.0.7017263,1000,0.0.789038,1000,HashBuzzer,Hashbuzz Champion,0.01795704
2024-10-13T16:46:17.000Z,0.0.7017263-1728837967-351877980,0.0.7017263,1000,0.0.749646,1000,HashBuzzer,Hashbuzzer Champion,0.02001035
2024-10-28T14:28:27.000Z,0.0.7017263-1730125696-019792353,0.0.7017263,50,0.0.747045,50,HashBuzzer,Hashbuzz Champion,0.02051812
2024-10-17T18:19:39.000Z,0.0.7017263-1729189169-213024625,0.0.7017263,1000,0.0.702708,1000,HashBuzzer,Hashbuzz Champion,0.01961764
2024-10-20T13:37:12.000Z,0.0.7017263-1729431422-337276382,0.0.7017263,1000,0.0.699534,1000,HashBuzzer,Hashbuzz Champion,0.01884629
2024-10-11T16:36:52.000Z,0.0.7017263-1728664601-207525669,0.0.7017263,10000,0.0.699534,10000,HashBuzzer,Hashbuzz Champion ,0.01954057
2024-11-05T17:19:40.000Z,0.0.7017263-1730827168-801054157,0.0.7017263,10000,0.0.693645,10000,HashBuzzer,Hashbuzz Champion,0.02211692
2024-10-17T18:19:10.000Z,0.0.7017263-1729189139-635478877,0.0.7017263,1000,0.0.693645,1000,HashBuzzer,Hashbuzz Champion,0.01961764
2024-11-12T10:01:03.000Z,0.0.7217243-1731405649-873379776,0.0.7217243,10,0.0.664329,10,HashBuzzer,,0.0165863
2024-10-27T17:15:51.000Z,0.0.7017263-1730049340-843394433,0.0.7017263,50,0.0.664329,50,HashBuzzer,Hashbuzz Champion,0.02028069
2024-10-17T16:45:37.000Z,0.0.7017263-1729183526-948227061,0.0.7017263,1000,0.0.663924,1000,HashBuzzer,Hashbuzz Champion,0.01962289
2024-10-20T13:37:40.000Z,0.0.7017263-1729431447-225520122,0.0.7017263,1000,0.0.657631,1000,HashBuzzer,Hashbuzz Champion,0.01884629
2024-10-11T16:31:44.000Z,0.0.7017263-1728664294-139408236,0.0.7017263,10000,0.0.657631,10000,HashBuzzer,Hashbuzz Champion ,0.01954057
2024-11-12T10:16:48.000Z,0.0.7217243-1731406597-118916128,0.0.7217243,15,0.0.587477,15,HashBuzzer,,0.0165863
2024-10-27T17:15:10.000Z,0.0.7017263-1730049295-559982835,0.0.7017263,50,0.0.587477,50,HashBuzzer,Hashbuzz Champion,0.02028069
2024-10-17T18:18:37.000Z,0.0.7017263-1729189107-960538253,0.0.7017263,1000,0.0.583707,1000,HashBuzzer,Hashbuzz Champion,0.01961764
2024-12-07T18:36:37.000Z,0.0.7017263-1733596583-121070121,0.0.7017263,5000,0.0.513290,5000,HashBuzzer,,0.00299663
2024-11-01T00:25:07.000Z,0.0.7017263-1730420695-625660329,0.0.7017263,10000,0.0.512336,10000,HashBuzzer,Hashbuzz Champion,0.02044982
2024-10-28T03:58:46.000Z,0.0.7017263-1730087916-324673505,0.0.7017263,50,0.0.500820,50,HashBuzzer,Hashbuzz Champion,0.02071809
2024-11-01T06:56:54.000Z,0.0.7017263-1730444200-348436618,0.0.7017263,10000,0.0.401124,10000,HashBuzzer,Hashbuzz Champion ,0.02045037
2024-10-20T13:38:16.000Z,0.0.7017263-1729431486-520002200,0.0.7017263,1000,0.0.6156,1000,HashBuzzer,Hashbuzz Champion,0.01884629
2024-10-11T17:01:22.000Z,0.0.7017263-1728666071-852292727,0.0.7017263,10000,0.0.6156,10000,HashBuzzer,Hashbuzz Champion,0.01947924
