Account,Balance
0.0.7841494,3029.23663
0.0.7840376,0
0.0.7840246,44808.433119
0.0.7837568,541.359656
0.0.7836837,18860.233832
0.0.7836733,6523.913454
0.0.7836486,0
0.0.7836473,866.532034
0.0.7836403,12238.491725
0.0.7836262,1501.860199
0.0.7836165,0
0.0.7836126,8287.781832
0.0.7836106,0
0.0.7836079,2569.660669
0.0.7836044,3749.874156
0.0.7836018,27586.883941
0.0.7836016,64033.733313
0.0.7836010,0
0.0.7835662,0
0.0.7835661,2341806.512318
0.0.7835651,17882080.825834
0.0.7835480,0
0.0.7835435,0
0.0.7835384,0
0.0.7835332,0
0.0.7835254,6199.848531
0.0.7835210,22914.647108
0.0.7835077,4968.901441
0.0.7834916,0
0.0.7834804,0
0.0.7834769,0
0.0.7834647,527350.009808
0.0.7834646,0
0.0.7834587,154516.023175
0.0.7834254,87744.305555
0.0.7833241,10702.423709
0.0.7833035,18401.562253
0.0.7832785,0
0.0.7832719,92116.835461
0.0.7832696,1803.611239
0.0.7832376,0
0.0.7831889,0
0.0.7830900,0
0.0.7830530,24936.369755
0.0.7830157,15000
0.0.7830153,41369.14753
0.0.7830074,800000000
0.0.7829926,57154.623695
0.0.7829709,2536.051415
0.0.7829667,5217.528133
0.0.7829613,50300
0.0.7829580,0
0.0.7829455,194.085084
0.0.7829451,10032.327564
0.0.7829448,0
0.0.7829447,0
0.0.7829415,0
0.0.7829410,634.183137
0.0.7829408,0
0.0.7829399,0
0.0.7824943,15000
0.0.7824318,0
0.0.7823470,6610.008522
0.0.7822754,15000
0.0.7822659,7386.447066
0.0.7822499,30000
0.0.7822406,0
0.0.7820176,2924.867427
0.0.7820022,45000
0.0.7820017,3280.382512
0.0.7819063,689.299776
0.0.7814930,390000
0.0.7813247,402.280705
0.0.7812765,0
0.0.7812743,0
0.0.7812710,0
0.0.7812659,0
0.0.7812616,0
0.0.7812038,75000
0.0.7811988,8098.934146
0.0.7811875,44323.28881
0.0.7811830,15000
0.0.7811814,5439.756721
0.0.7811661,548.787481
0.0.7811595,225000
0.0.7811495,4618.689631
0.0.7810638,600000
0.0.7808722,30000
0.0.7807608,0.135518
0.0.7807543,0
0.0.7806652,45000
0.0.7801116,830.679378
0.0.7800747,15000
0.0.7799047,5268.275269
0.0.7797201,105000
0.0.7797127,0
0.0.7796584,53592.739095
0.0.7795220,15000
0.0.7795187,0
0.0.7794579,30000
0.0.7791224,232297.884188
0.0.7789905,15413.326227
0.0.7787752,0
0.0.7787734,30000
0.0.7787555,30000
0.0.7785330,1726.766776
0.0.7785180,16712.271394
0.0.7784873,72.373198
0.0.7784853,30000
0.0.7779426,0
0.0.7778072,0
0.0.7776608,0
0.0.7775651,1000
0.0.7775402,0
0.0.7773284,15000
0.0.7770301,27737.395638
0.0.7768934,167608.191073
0.0.7768717,72247.761634
0.0.7768449,3603.143563
0.0.7762951,2604.896598
0.0.7762784,0
0.0.7759831,2075.727362
0.0.7759418,3203.832553
0.0.7758628,0
0.0.7757319,0
0.0.7756871,2725.307814
0.0.7756594,13498.837255
0.0.7756142,2480.825036
0.0.7756131,8000.915183
0.0.7754567,7000
0.0.7754516,721.401399
0.0.7753863,0
0.0.7753811,0
0.0.7753648,0
0.0.7753524,0
0.0.7753279,0
0.0.7753234,0
0.0.7753182,0
0.0.7753036,0
0.0.7752918,0
0.0.7752822,0
0.0.7752744,0
0.0.7752715,0
0.0.7752616,0
0.0.7752490,0
0.0.7752414,0
0.0.7752392,0
0.0.7752262,0
0.0.7752202,0
0.0.7752160,0
0.0.7752076,0
0.0.7752021,0
0.0.7751931,0
0.0.7751911,0
0.0.7751885,0
0.0.7751855,0
0.0.7751834,0
0.0.7751786,0
0.0.7751733,0
0.0.7751619,0
0.0.7750275,1913.925857
0.0.7746380,22500
0.0.7745089,0
0.0.7738966,0
0.0.7734300,0
0.0.7730690,420000
0.0.7729195,2562.018124
0.0.7727146,30000
0.0.7725094,1000
0.0.7721519,5807.851225
0.0.7718419,5260.823032
0.0.7718261,0
0.0.7715946,0
0.0.7714331,60000
0.0.7713925,0
0.0.7711373,2553.439927
0.0.7710790,3178.859625
0.0.7702613,0
0.0.7701636,30000
0.0.7701452,60000
0.0.7699950,93162.296149
0.0.7698753,3340.83742
0.0.7695431,0
0.0.7689965,3308.279057
0.0.7688652,48.397603
0.0.7687902,45000
0.0.7687896,351.557401
0.0.7682712,90000
0.0.7675609,0
0.0.7663118,3060000
0.0.7660198,3000
0.0.7658079,336909.59176
0.0.7654983,928365.014945
0.0.7650170,660000
0.0.7642462,0
0.0.7637206,35225.19391
0.0.7637164,42474.105114
0.0.7635417,3078.11134
0.0.7635005,0
0.0.7634878,0
0.0.7634469,0
0.0.7634112,0
0.0.7633119,1.116422
0.0.7632967,4871.417902
0.0.7628916,0
0.0.7627826,0
0.0.7624798,0
0.0.7624055,0
0.0.7624022,0
0.0.7623844,0
0.0.7623275,0
0.0.7623107,203.712694
0.0.7612726,0
0.0.7611487,45000
0.0.7610915,0
0.0.7608461,15000
0.0.7598557,0
0.0.7593922,6826.460293
0.0.7593005,17272.709671
0.0.7588094,0
0.0.7586510,30000
0.0.7586197,1132.303619
0.0.7582883,6939.099683
0.0.7582439,0
0.0.7581812,0
0.0.7581666,1751.084447
0.0.7581505,0
0.0.7581388,0
0.0.7580839,48755.135467
0.0.7580690,0
0.0.7580624,10000
0.0.7580608,14000
0.0.7580279,15000
0.0.7577878,0
0.0.7577701,15000
0.0.7577652,8000
0.0.7577635,15000
0.0.7577418,30000
0.0.7573588,0
0.0.7572509,0
0.0.7572505,0
0.0.7572107,15000
0.0.7571146,0
0.0.7571011,7093.561575
0.0.7570805,17259.122509
0.0.7570654,22295.436319
0.0.7570542,15000
0.0.7570496,7500
0.0.7570265,29950
0.0.7569846,15000
0.0.7569834,30000
0.0.7569722,345000
0.0.7569609,15000
0.0.7562857,15.789508
0.0.7562791,0
0.0.7562544,0
0.0.7562540,0
0.0.7562454,0
0.0.7562383,300000
0.0.7562026,15000
0.0.7561929,59200.034519
0.0.7561810,0
0.0.7561037,0
0.0.7560507,0
0.0.7560317,184.950675
0.0.7558312,5983.894205
0.0.7558244,1200000
0.0.7555302,0
0.0.7553308,0
0.0.7551196,0
0.0.7551181,0
0.0.7550235,180000
0.0.7550174,0
0.0.7547864,10.216032
0.0.7545809,0
0.0.7545376,8919.4353
0.0.7539833,1988.629928
0.0.7537184,0
0.0.7532716,24595.770755
0.0.7528861,0
0.0.7522512,0
0.0.7506429,0
0.0.7490011,45000
0.0.7475153,15000
0.0.7416329,0
0.0.7397805,41.204601
0.0.7342782,0
0.0.7339565,0
0.0.7337874,0
0.0.7326025,10.741004
0.0.7324694,104999
0.0.7307679,0
0.0.7299329,0
0.0.7283513,500000
0.0.7283219,764.587061
0.0.7268957,15000
0.0.7262905,374.195651
0.0.7253174,1
0.0.7221601,165000
0.0.7219421,0
0.0.7219212,90000
0.0.7214569,15000
0.0.7214078,0
0.0.7212535,0
0.0.7210887,0
0.0.7206534,10601.071497
0.0.7200597,50000
0.0.7200098,173589.480569
0.0.7183807,0
0.0.7175697,14013.17484
0.0.7169217,4850.771824
0.0.7166414,0
0.0.7159121,503.042613
0.0.7138590,3448.705017
0.0.7136932,0
0.0.7127931,15000
0.0.7122530,0
0.0.7060192,0
0.0.7033987,59243.317054
0.0.7022625,0
0.0.7019985,15000
0.0.6974086,0
0.0.6972373,58521.280774
0.0.6942249,0
0.0.6929819,0
0.0.6896673,75
0.0.6884589,0
0.0.6863053,0
0.0.6808220,300000
0.0.6798812,1097.728626
0.0.6778922,33.784887
0.0.6764534,1812.252283
0.0.6740703,45000
0.0.6648079,1050000
0.0.6643026,36513.038382
0.0.6604842,52921.195498
0.0.6601030,15000
0.0.6597602,117241.910983
0.0.6588916,0
0.0.6588728,0
0.0.6460135,0
0.0.6459591,0
0.0.6457021,0
0.0.6431333,0
0.0.6422806,0
0.0.6415565,0
0.0.6414895,70000
0.0.6400336,0
0.0.6351793,984.827885
0.0.6349863,0
0.0.6327622,183.227619
0.0.6280705,0
0.0.6275211,0
0.0.6274445,0
0.0.6274425,0
0.0.6274389,0
0.0.6274382,0
0.0.6274340,51.703652
0.0.6274332,0
0.0.6274319,0
0.0.6274273,0
0.0.6274226,0
0.0.6274196,0
0.0.6274180,0
0.0.6274172,0
0.0.6274162,0
0.0.6274053,0
0.0.6274038,0
0.0.6272432,0
0.0.6272429,0
0.0.6272420,0
0.0.6272394,0
0.0.6272095,0
0.0.6272059,0
0.0.6271260,71233.097506
0.0.6266337,0
0.0.6265104,0
0.0.6263869,0
0.0.6263835,0
0.0.6262139,0
0.0.6258466,0
0.0.6258419,0
0.0.6258388,0
0.0.6256043,31477.89294
0.0.6251376,0
0.0.6249054,0
0.0.6249044,0
0.0.6249034,0
0.0.6249013,0
0.0.6248986,0
0.0.6248948,0
0.0.6243890,0
0.0.6241228,0
0.0.6241067,0
0.0.6240974,0
0.0.6237955,0
0.0.6236134,501.398737
0.0.6234808,15000
0.0.6233834,45000
0.0.6232701,0
0.0.6213270,0
0.0.6212716,0
0.0.6186465,0
0.0.6176575,0
0.0.6162466,0
0.0.6153860,0
0.0.6152936,0
0.0.6150826,0
0.0.6150481,45000
0.0.6148796,59204.830796
0.0.6148459,5183.106484
0.0.6147044,0
0.0.6144865,0
0.0.6139057,0
0.0.6138978,0
0.0.6138610,8.06034
0.0.6134024,0
0.0.6133980,0
0.0.6132958,0
0.0.6130887,180
0.0.6129617,0
0.0.6127578,210000
0.0.6125463,0
0.0.6123173,0
0.0.6122000,15000
0.0.6117502,0
0.0.6117431,0
0.0.6117044,0
0.0.6115271,0
0.0.6109726,0
0.0.6106571,15000
0.0.6105114,0
0.0.6104469,0
0.0.6102747,0
0.0.6102482,0
0.0.6102216,0
0.0.6101304,4862.393984
0.0.6101292,0
0.0.6098709,0
0.0.6098078,0
0.0.6097516,0
0.0.6097371,0
0.0.6097327,0
0.0.6097162,0
0.0.6097146,0
0.0.6097125,0
0.0.6096916,0
0.0.6096892,0
0.0.6096602,0
0.0.6095844,0
0.0.6095148,0
0.0.6094374,0
0.0.6094369,15000
0.0.6093862,15000
0.0.6093839,0
0.0.6092720,0
0.0.6092621,189.607948
0.0.6092551,0
0.0.6092453,0
0.0.6092058,600
0.0.6090193,0
0.0.6086247,145.273179
0.0.6083730,161666.358673
0.0.6078135,10000
0.0.6078051,0.000673
0.0.6077906,972.084752
0.0.6077210,0
0.0.6075829,0
0.0.6075667,0
0.0.6075664,6000000
0.0.6075643,0
0.0.6075634,20000000
0.0.6075628,0
0.0.6075619,69750000
0.0.6075605,0
0.0.6075564,0
0.0.6074659,75000
0.0.6073835,16347.684665
0.0.6073679,0
0.0.6068342,0
0.0.6068302,0
0.0.6068224,0
0.0.6068207,0
0.0.6066473,0
0.0.6065526,0
0.0.6065479,15000
0.0.6064146,0
0.0.6064127,0
0.0.6064124,0
0.0.6063958,0
0.0.6063716,0
0.0.6063323,0
0.0.6063096,0
0.0.6062976,0
0.0.6062435,0
0.0.6061226,0
0.0.6061115,3960.714557
0.0.6060563,120000
0.0.6060121,0
0.0.6059879,0
0.0.6053864,0
0.0.6052862,0
0.0.6052304,0
0.0.6052102,0
0.0.6051966,0
0.0.6051947,72779.370791
0.0.6051891,0
0.0.6051734,0
0.0.6051396,45000
0.0.6050981,0
0.0.6050133,0
0.0.6049684,30000
0.0.6047536,135000
0.0.6047136,0
0.0.6044918,0
0.0.6043295,0
0.0.6043274,925983.899248
0.0.6040540,0
0.0.6039464,0
0.0.6039197,0
0.0.6037468,0
0.0.6036434,0
0.0.6030134,15000
0.0.6025924,0
0.0.6023514,0
0.0.6022897,0
0.0.6022710,0
0.0.6022644,0
0.0.6022503,0
0.0.6019766,15000
0.0.6016628,0
0.0.6015719,30000
0.0.6014693,0
0.0.6014482,0
0.0.6014233,678.8529
0.0.6014028,0
0.0.6013851,15000
0.0.6013104,30000
0.0.6011365,0
0.0.6010989,0
0.0.6010407,0
0.0.6010400,15000
0.0.6009352,14000
0.0.6009095,0
0.0.6008124,0
0.0.6007748,0
0.0.6007178,30000
0.0.6002736,0
0.0.6002399,881.857698
0.0.6001346,0
0.0.5997620,0
0.0.5997343,0
0.0.5997323,0
0.0.5997238,15000
0.0.5997036,0
0.0.5996321,15000
0.0.5996158,18.276316
0.0.5995464,25431.140911
0.0.5994617,0
0.0.5992792,30000
0.0.5990151,11000
0.0.5989939,100
0.0.5979211,15000
0.0.5978287,0
0.0.5977206,0
0.0.5976258,0
0.0.5974173,0
0.0.5972103,0
0.0.5970807,0
0.0.5970726,0
0.0.5964159,0
0.0.5960372,0
0.0.5958975,15000
0.0.5944138,0
0.0.5913564,0
0.0.5870783,39955.678295
0.0.5825867,0
0.0.5823833,0
0.0.5804100,0
0.0.5803757,0
0.0.5800825,0
0.0.5795847,0
0.0.5795803,0
0.0.5779439,0.000001
0.0.5766765,108.453124
0.0.5748018,0
0.0.5740853,0
0.0.5736796,0
0.0.5736105,0
0.0.5729027,0
0.0.5723193,0
0.0.5723073,0
0.0.5720993,0
0.0.5718314,0
0.0.5717245,0
0.0.5716342,137.240726
0.0.5715015,0
0.0.5709696,0
0.0.5705789,0
0.0.5703688,0
0.0.5693251,0
0.0.5691528,0
0.0.5688225,190.502006
0.0.5685041,19991.518893
0.0.5679138,0
0.0.5677731,2921.359926
0.0.5628237,0
0.0.5616810,0
0.0.5585140,0
0.0.5582394,0
0.0.5559974,0
0.0.5559947,0
0.0.5559237,0
0.0.5547640,0
0.0.5530135,0
0.0.5501254,0
0.0.5494577,84246.840043
0.0.5490116,0
0.0.5482080,0
0.0.5457860,0
0.0.5448093,15000
0.0.5435382,60000
0.0.5425163,0
0.0.5418436,0
0.0.5414657,10045.638313
0.0.5408040,0
0.0.5406037,0
0.0.5404518,0
0.0.5404381,0
0.0.5399765,0
0.0.5384642,0
0.0.5374924,0
0.0.5374074,0
0.0.5373814,0
0.0.5358724,0
0.0.5341044,0
0.0.5340344,0
0.0.5338082,0
0.0.5316831,0
0.0.5309018,0
0.0.5299232,0
0.0.5299177,0
0.0.5299078,0
0.0.5298079,0
0.0.5293942,300000
0.0.5287183,0
0.0.5285066,15000
0.0.5284762,15000
0.0.5284298,0
0.0.5284087,0
0.0.5282296,37500
0.0.5281042,862.076705
0.0.5279488,45000
0.0.5279258,3078.144779
0.0.5276230,0
0.0.5274718,15000
0.0.5274606,0
0.0.5269568,0
0.0.5255642,0
0.0.5250765,22500
0.0.5245875,15460.549372
0.0.5232198,0
0.0.5228741,0
0.0.5200302,0
0.0.5197213,15000
0.0.5194749,0
0.0.5184864,0
0.0.5182763,0
0.0.5178160,15000
0.0.5162644,30000
0.0.5154161,15000
0.0.5152007,150000
0.0.5146064,15000
0.0.5133699,0
0.0.5131555,162.38951
0.0.5131208,0
0.0.5129884,30000
0.0.5126788,0
0.0.5123003,471.084648
0.0.5119849,15000
0.0.5115106,15000
0.0.5110930,15000
0.0.5102323,227282.648977
0.0.5100618,5625
0.0.5092062,0
0.0.5085227,0
0.0.5081084,0
0.0.5080606,906.119348
0.0.5075917,0
0.0.5075870,0
0.0.5073873,0
0.0.5070571,2769.347548
0.0.5069284,15000
0.0.5068141,150939.332857
0.0.5067616,0
0.0.5067044,0
0.0.5064630,0
0.0.5059454,0
0.0.5028754,0
0.0.5023209,0
0.0.5022905,12.011973
0.0.5022844,0
0.0.5022564,0
0.0.5021152,0
0.0.5020806,0
0.0.5020311,0
0.0.5020240,0
0.0.5020194,0
0.0.5019890,6494.396103
0.0.5013377,0
0.0.5013137,17584.614751
0.0.5007614,0
0.0.5007584,0
0.0.5005862,0
0.0.5005060,69.080823
0.0.4977410,0
0.0.4975730,0
0.0.4972800,15000
0.0.4971159,0
0.0.4970657,0
0.0.4966930,0
0.0.4963127,213.796171
0.0.4963017,0
0.0.4958112,0
0.0.4957231,0
0.0.4956927,15000
0.0.4953175,176.4
0.0.4952802,30000
0.0.4948724,15334.077113
0.0.4941164,0
0.0.4937973,0
0.0.4927513,0
0.0.4926818,4637.248592
0.0.4925030,0
0.0.4923749,0
0.0.4915092,928.022918
0.0.4914745,33.13996
0.0.4914708,30.924035
0.0.4914077,0
0.0.4913202,30000
0.0.4912708,46411.817763
0.0.4911830,0
0.0.4908461,10
0.0.4897355,1441.150391
0.0.4891788,0
0.0.4889605,311.79475
0.0.4885726,0
0.0.4876317,15000
0.0.4876229,0
0.0.4876102,0
0.0.4875853,10000
0.0.4875820,0
0.0.4873879,1130.126998
0.0.4873323,0
0.0.4872238,4916.281624
0.0.4871856,0
0.0.4871155,0
0.0.4868853,0
0.0.4863820,0
0.0.4863663,0
0.0.4861914,0
0.0.4859915,0
0.0.4859816,15000
0.0.4858272,0
0.0.4858116,0
0.0.4857623,9905.704583
0.0.4857599,0
0.0.4857583,0
0.0.4856974,0
0.0.4855929,10000
0.0.4855259,0
0.0.4854318,0
0.0.4851554,0
0.0.4850692,30000
0.0.4841757,0
0.0.4835837,391.772216
0.0.4830970,0
0.0.4824846,0
0.0.4824044,0
0.0.4823929,0
0.0.4823410,15000
0.0.4823404,30284.824791
0.0.4822941,0
0.0.4822738,0
0.0.4822391,4764.974848
0.0.4822213,0
0.0.4821795,15000
0.0.4820161,60000
0.0.4818701,17327.37424
0.0.4818695,0
0.0.4818645,15000
0.0.4817928,0
0.0.4817922,0
0.0.4817915,0
0.0.4817910,0
0.0.4817907,0
0.0.4817749,0
0.0.4817741,0
0.0.4817734,0
0.0.4817622,0
0.0.4817613,0
0.0.4817319,0
0.0.4817220,15000
0.0.4816941,30000
0.0.4815771,0
0.0.4813674,0
0.0.4812294,15000
0.0.4809237,2352.161033
0.0.4808062,15000
0.0.4807465,0
0.0.4804933,0
0.0.4804137,0
0.0.4803950,210000
0.0.4803707,0
0.0.4802545,0
0.0.4802146,0
0.0.4800361,0
0.0.4799839,0
0.0.4799754,0
0.0.4799296,3920.512893
0.0.4799094,0
0.0.4798944,0
0.0.4796037,374.084269
0.0.4796032,0
0.0.4795762,30000
0.0.4795725,120000
0.0.4795348,0
0.0.4795098,0
0.0.4794297,0
0.0.4793281,0
0.0.4793002,5952.579455
0.0.4792907,0
0.0.4792833,0
0.0.4791394,168.093129
0.0.4791331,50
0.0.4791138,0
0.0.4786119,15000
0.0.4783361,0
0.0.4782413,10211.457678
0.0.4781591,16510.478864
0.0.4779470,0
0.0.4778501,3961.981536
0.0.4777404,0
0.0.4767017,0
0.0.4766802,130000
0.0.4766051,992.465616
0.0.4765735,15000
0.0.4765605,0
0.0.4765517,160.378834
0.0.4764362,15000
0.0.4762616,15000
0.0.4760887,0
0.0.4759124,0
0.0.4758955,10013.48724
0.0.4758953,0
0.0.4758408,15000
0.0.4758071,205.971213
0.0.4757509,73.427075
0.0.4755736,0
0.0.4754641,0
0.0.4751689,0
0.0.4750132,15000
0.0.4749355,0
0.0.4749255,4500
0.0.4748161,285000
0.0.4743758,1745.347192
0.0.4743304,106510.501816
0.0.4743070,205.058971
0.0.4737591,0
0.0.4736311,0
0.0.4736165,0
0.0.4736123,0
0.0.4735847,0
0.0.4735693,0
0.0.4735212,0
0.0.4730650,16710.53114
0.0.4730384,79039.442656
0.0.4729489,0
0.0.4728749,28921.091087
0.0.4727685,0
0.0.4727347,0
0.0.4725898,0
0.0.4725723,1945.478272
0.0.4724641,0
0.0.4724117,0
0.0.4723849,789.493948
0.0.4722844,15000
0.0.4722110,12805.05096
0.0.4721717,30000
0.0.4721612,0
0.0.4720507,96222.47259
0.0.4720292,15000
0.0.4719299,1354.042044
0.0.4718119,15000
0.0.4717140,0
0.0.4716818,0
0.0.4716596,9011.518618
0.0.4714979,0
0.0.4714590,0
0.0.4714437,8500
0.0.4714087,9839.671031
0.0.4713148,9350.999997
0.0.4713006,0
0.0.4712907,1729.545934
0.0.4712763,0
0.0.4712159,0
0.0.4711750,0
0.0.4710243,180000
0.0.4708751,15000
0.0.4707481,534.200837
0.0.4706893,0
0.0.4706679,0
0.0.4705632,0
0.0.4705470,0
0.0.4705090,0
0.0.4704367,0
0.0.4702795,30000
0.0.4702458,0
0.0.4702206,0
0.0.4702192,0
0.0.4702176,0
0.0.4702167,0
0.0.4702154,0
0.0.4702145,0
0.0.4702136,0
0.0.4702126,0
0.0.4702120,0
0.0.4702110,0
0.0.4702099,0
0.0.4702083,0
0.0.4702075,0
0.0.4702069,0
0.0.4702052,0
0.0.4702038,0
0.0.4697331,0
0.0.4696512,49315.891517
0.0.4695820,0
0.0.4695524,631.425824
0.0.4695428,0
0.0.4695355,75000
0.0.4695160,0
0.0.4693482,15000
0.0.4693135,35275.164671
0.0.4692768,0
0.0.4692197,0
0.0.4687349,0
0.0.4686277,0
0.0.4666028,0
0.0.4665460,0
0.0.4663589,0
0.0.4660035,30000
0.0.4641568,0
0.0.4640609,15000
0.0.4640171,0
0.0.4639981,0
0.0.4638181,30000
0.0.4636238,0
0.0.4629139,0
0.0.4628910,18971.216225
0.0.4628496,36585.30142
0.0.4628434,0
0.0.4628052,3302.263416
0.0.4627779,180000
0.0.4627217,0
0.0.4625015,1005.415662
0.0.4624432,15000
0.0.4624037,90000
0.0.4623198,27000
0.0.4617824,0
0.0.4615820,0
0.0.4615491,15000
0.0.4615352,0
0.0.4615192,0
0.0.4615143,177.279369
0.0.4614336,0
0.0.4610537,17153.555051
0.0.4608095,0
0.0.4608036,14140.136312
0.0.4607971,90000
0.0.4607855,0
0.0.4607653,42500
0.0.4607146,0
0.0.4607064,781.507572
0.0.4605787,0
0.0.4605242,0
0.0.4605079,0
0.0.4601935,0
0.0.4600929,0
0.0.4600371,15000
0.0.4599905,15000
0.0.4597960,0
0.0.4597307,15000
0.0.4597178,0
0.0.4596910,0
0.0.4596897,0
0.0.4595989,0
0.0.4591759,0
0.0.4590854,0
0.0.4590549,0
0.0.4589800,0
0.0.4584261,0
0.0.4582090,0
0.0.4575851,0
0.0.4572209,0
0.0.4569816,15000
0.0.4569641,15000
0.0.4568211,60000
0.0.4568060,0
0.0.4561175,0
0.0.4560705,0
0.0.4560445,0
0.0.4559978,0
0.0.4559277,15000
0.0.4559156,0
0.0.4558305,0
0.0.4558032,55182.123847
0.0.4557231,361.73904
0.0.4556349,0
0.0.4556275,166.862508
0.0.4556186,0
0.0.4555363,21.903877
0.0.4554850,0
0.0.4554729,0
0.0.4553969,0
0.0.4551475,0
0.0.4550582,0
0.0.4549015,0
0.0.4548040,0
0.0.4546764,0
0.0.4544083,0
0.0.4539822,0
0.0.4538968,0
0.0.4538253,0
0.0.4520451,0
0.0.4519801,0
0.0.4519110,0
0.0.4518961,0
0.0.4518124,0
0.0.4516850,9747.349037
0.0.4516318,0
0.0.4516020,0
0.0.4515868,0
0.0.4515017,0
0.0.4514083,0
0.0.4507642,0
0.0.4506849,15000
0.0.4506751,15000
0.0.4504544,10068.825754
0.0.4504372,0
0.0.4502537,15000
0.0.4501249,0
0.0.4497797,10661.988293
0.0.4495399,5831.013968
0.0.4471392,0
0.0.4449099,0
0.0.4433767,0
0.0.4433641,0
0.0.4433449,0
0.0.4432928,1546.55835
0.0.4432163,0
0.0.4432159,15000
0.0.4431627,5252.745692
0.0.4431238,0
0.0.4430678,0
0.0.4429075,53580.60582
0.0.4425545,0
0.0.4415474,0
0.0.4410843,15000
0.0.4410320,382.799846
0.0.4410228,0
0.0.4409759,1756.408355
0.0.4409659,85.270131
0.0.4408961,0
0.0.4393610,71.320858
0.0.4391458,0
0.0.4387173,0
0.0.4387014,75000
0.0.4385342,0
0.0.4385194,0
0.0.4383662,1549.655092
0.0.4382926,0
0.0.4382408,0
0.0.4376961,0
0.0.4376296,0
0.0.4376026,0
0.0.4376025,0
0.0.4375950,0
0.0.4375876,0
0.0.4375748,0
0.0.4375585,0
0.0.4375451,0
0.0.4374846,0
0.0.4374840,0
0.0.4374445,0
0.0.4370637,0
0.0.4370173,0
0.0.4369328,45000
0.0.4369127,1749.709318
0.0.4368981,0
0.0.4368697,0
0.0.4368465,0
0.0.4368107,0
0.0.4367595,7380.449673
0.0.4366913,0
0.0.4366895,0
0.0.4366626,0
0.0.4366615,190.996154
0.0.4366613,0
0.0.4366608,0
0.0.4366604,0
0.0.4366595,0
0.0.4366585,0
0.0.4366378,0
0.0.4366352,0
0.0.4364834,15000
0.0.4364522,15000
0.0.4364503,0
0.0.4364175,0
0.0.4363496,15000
0.0.4363106,20000
0.0.4363066,0
0.0.4362412,0
0.0.4362237,0
0.0.4361531,4500
0.0.4360677,0
0.0.4360325,2149.223552
0.0.4360258,38236.860405
0.0.4360192,1093.08067
0.0.4357899,0
0.0.4357475,0
0.0.4356755,0
0.0.4356171,60000
0.0.4355658,163120.86774
0.0.4355359,4258.161479
0.0.4355306,186124.938383
0.0.4354645,0
0.0.4354606,0
0.0.4354424,0
0.0.4354282,15000
0.0.4354203,7320.490029
0.0.4354164,0
0.0.4351745,0
0.0.4351420,0
0.0.4351323,0
0.0.4351043,0
0.0.4350800,0
0.0.4350623,7500
0.0.4350355,0
0.0.4350280,7500
0.0.4349708,0
0.0.4348530,500.199309
0.0.4348368,15000
0.0.4347872,0
0.0.4347617,32195.321082
0.0.4347149,0
0.0.4346726,0
0.0.4346349,7500
0.0.4346118,3574.682607
0.0.4346108,15000
0.0.4345772,4780.455455
0.0.4343801,0
0.0.4343509,0
0.0.4343338,0
0.0.4342894,21920.880236
0.0.4342662,0
0.0.4342128,19108.864207
0.0.4342029,1336.360889
0.0.4341124,0
0.0.4340785,0
0.0.4339839,0
0.0.4339824,0
0.0.4339388,15000
0.0.4339032,0
0.0.4338961,2233.606606
0.0.4338594,11992.395257
0.0.4338075,120000
0.0.4337782,4505.642279
0.0.4337262,45000
0.0.4335583,1.389563
0.0.4335218,2908.390752
0.0.4334198,0
0.0.4333929,0
0.0.4331327,0
0.0.4330238,0
0.0.4329880,25000
0.0.4329875,0
0.0.4329852,0
0.0.4329749,0
0.0.4329030,1092.096455
0.0.4328985,0
0.0.4328922,11483.366894
0.0.4328735,0
0.0.4328676,0
0.0.4328605,5613.37949
0.0.4328413,0
0.0.4328388,19492.94654
0.0.4328186,0
0.0.4326663,0
0.0.4326161,261.949437
0.0.4325860,0
0.0.4325800,0
0.0.4325702,6.774464
0.0.4325689,2919.014084
0.0.4325419,3311.058243
0.0.4325065,0
0.0.4324445,15000
0.0.4323897,133024.591459
0.0.4323044,30277.19046
0.0.4322343,0
0.0.4321963,2006.307347
0.0.4321890,15000
0.0.4321185,0
0.0.4320544,15000
0.0.4318273,0
0.0.4318142,0
0.0.4318078,0
0.0.4318047,46981.984541
0.0.4318040,555000
0.0.4317961,30000
0.0.4317496,1703.54019
0.0.4317239,56009.964708
0.0.4315814,5589.699377
0.0.4315388,5450.253144
0.0.4314772,5318.22443
0.0.4313945,0
0.0.4313738,47094.174037
0.0.4313361,0
0.0.4312340,0
0.0.4312267,15392.665578
0.0.4310577,2650.741693
0.0.4308701,14734.891418
0.0.4308671,1065.952614
0.0.4308007,0
0.0.4298651,0
0.0.4280356,0
0.0.4253167,0
0.0.4253136,0
0.0.4230212,10115.810112
0.0.4228395,15000
0.0.4212644,15000
0.0.4212387,0
0.0.4209855,15000
0.0.4208080,1233.211599
0.0.4207604,5152.300407
0.0.4202231,11261.678195
0.0.4201799,0
0.0.4187631,15000
0.0.4184733,0
0.0.4157497,0
0.0.4154058,14608.027068
0.0.4153396,0
0.0.4153280,0
0.0.4152776,1377.532359
0.0.4144365,0
0.0.4135804,15000
0.0.4125671,300000
0.0.4108131,0
0.0.4092026,30856.816101
0.0.4090600,0
0.0.4061901,2024.055841
0.0.4057179,30000
0.0.4044502,30000
0.0.4040762,0
0.0.3971885,486.25488
0.0.3968649,0
0.0.3967394,0
0.0.3965809,0
0.0.3965773,0
0.0.3965745,0
0.0.3961851,0
0.0.3960634,0
0.0.3958806,15000
0.0.3955353,0
0.0.3947043,207775.223063
0.0.3945271,300000
0.0.3944724,0
0.0.3941642,0
0.0.3940385,15000
0.0.3938722,15000
0.0.3936139,0
0.0.3934312,0
0.0.3934155,50000
0.0.3928955,0
0.0.3927125,30000
0.0.3925327,0
0.0.3925109,0
0.0.3924395,15000.008263
0.0.3918603,15000
0.0.3910387,42631.967817
0.0.3910378,0
0.0.3908547,0
0.0.3907643,0
0.0.3862783,0
0.0.3860557,0
0.0.3859205,0
0.0.3858724,0
0.0.3855023,0
0.0.3851685,15000
0.0.3846158,0
0.0.3845966,0
0.0.3844551,5000
0.0.3843233,0
0.0.3838065,0
0.0.3833800,0
0.0.3833132,216.11621
0.0.3832015,4500000
0.0.3831682,0
0.0.3831595,0
0.0.3828635,0
0.0.3822695,0
0.0.3822398,19767.012932
0.0.3818600,0
0.0.3802249,33914.124383
0.0.3783675,525000
0.0.3765335,4500000
0.0.3748497,0
0.0.3745833,1935.660705
0.0.3743648,0
0.0.3743484,0
0.0.3743132,15000
0.0.3740040,0
0.0.3739858,0
0.0.3725329,0
0.0.3725287,0
0.0.3725272,0
0.0.3725263,0
0.0.3725250,0
0.0.3725243,0
0.0.3725229,0
0.0.3725201,0
0.0.3724799,0
0.0.3722786,0
0.0.3722768,0
0.0.3722751,0
0.0.3722730,0
0.0.3722710,0
0.0.3722597,0
0.0.3722581,0
0.0.3722566,0
0.0.3722539,0
0.0.3722515,0
0.0.3722501,0
0.0.3722257,0
0.0.3722075,0
0.0.3718394,3750
0.0.3716296,0
0.0.3713657,0
0.0.3711872,0
0.0.3711471,0
0.0.3702955,0
0.0.3702921,0
0.0.3702902,0
0.0.3702895,0
0.0.3702887,0
0.0.3702878,0
0.0.3702867,0
0.0.3702858,0
0.0.3702846,0
0.0.3702822,0
0.0.3702793,0
0.0.3697033,0
0.0.3697007,0
0.0.3693888,0
0.0.3693704,0
0.0.3667814,0
0.0.3631822,0
0.0.3567606,0
0.0.3556606,130061.039223
0.0.3555708,0
0.0.3555195,15000
0.0.3516514,28552.533342
0.0.3474390,0
0.0.3471869,0
0.0.3363255,0
0.0.3327669,150000
0.0.3311960,0
0.0.3308399,0
0.0.3304427,0
0.0.3303642,0
0.0.3299894,0
0.0.3297863,0
0.0.3293512,0
0.0.3292610,0
0.0.3290580,11169.280962
0.0.3288501,0
0.0.3287204,15000
0.0.3277336,30075.636597
0.0.3276561,0
0.0.3274648,0
0.0.3274384,0
0.0.3274378,0
0.0.3274371,0
0.0.3241472,0
0.0.3241212,0
0.0.3239560,0
0.0.3239543,53425.514437
0.0.3224489,0
0.0.3211647,1394.2122
0.0.3209851,0
0.0.3205653,0
0.0.3202544,0
0.0.3194805,0
0.0.3176489,0
0.0.3169257,0
0.0.3168883,0
0.0.3161895,275.247365
0.0.3158581,0
0.0.3158570,0
0.0.3157611,0
0.0.3157606,0
0.0.3142397,0
0.0.3119288,0
0.0.3119196,0
0.0.3116345,60000
0.0.3115578,0
0.0.3107868,0
0.0.3101503,0
0.0.3100704,76006.304991
0.0.3097586,0
0.0.3096532,0
0.0.3094682,0
0.0.3092572,2565000
0.0.3083599,0
0.0.3082336,0
0.0.3065580,0
0.0.3065232,0
0.0.3064661,0
0.0.3064434,0
0.0.3062751,6795000
0.0.3058297,30000
0.0.3049066,345000
0.0.3048624,0
0.0.3047156,0
0.0.3045584,0
0.0.3045239,0
0.0.3044779,3858.251481
0.0.3040461,75000
0.0.3034199,0
0.0.3029133,0
0.0.3013256,0
0.0.3012905,30000
0.0.3007848,0
0.0.3004948,0
0.0.3003496,0
0.0.3003488,0
0.0.3000803,0
0.0.2997930,0
0.0.2995748,60000
0.0.2995296,0
0.0.2993610,0
0.0.2991145,15000
0.0.2980837,0
0.0.2970317,0
0.0.2969691,6887.136815
0.0.2966637,0
0.0.2963867,180000
0.0.2960784,0
0.0.2960280,60000
0.0.2959252,0
0.0.2958010,0
0.0.2957739,0
0.0.2956614,10.669945
0.0.2955909,0
0.0.2946121,0
0.0.2935678,15000
0.0.2929631,0
0.0.2904125,0
0.0.2773436,0
0.0.2753664,0
0.0.2744218,0
0.0.2711657,77777
0.0.2677263,0
0.0.2560411,0
0.0.2556756,0
0.0.2554766,0
0.0.2459931,900000
0.0.2353144,0
0.0.2336136,0
0.0.2334284,0
0.0.2322336,15000
0.0.2289649,0
0.0.2265907,0
0.0.2256231,0
0.0.2245824,0
0.0.2245713,0
0.0.2221536,0
0.0.2221262,0
0.0.2218148,0
0.0.2217485,1008.489853
0.0.2216531,0
0.0.2206406,0
0.0.2197533,0
0.0.2195821,0
0.0.2189925,0
0.0.2189040,0
0.0.2186138,0
0.0.2185464,60000
0.0.2185028,0
0.0.2182770,0
0.0.2181459,0
0.0.2181366,0
0.0.2181260,0
0.0.2180429,0
0.0.2180226,0
0.0.2179999,0
0.0.2179781,107885.416598
0.0.2179289,0
0.0.2179271,30000
0.0.2177082,0
0.0.2176955,0
0.0.2176921,0
0.0.2176899,0
0.0.2176892,0
0.0.2175803,480000
0.0.2175494,0
0.0.2174847,1000.390958
0.0.2173346,15000
0.0.2165047,15000
0.0.2162201,0
0.0.2160798,0
0.0.2160659,0
0.0.2159637,25000
0.0.2159415,0
0.0.2150386,0
0.0.2148853,75000.000002
0.0.2145669,0
0.0.2143078,0
0.0.2141513,156.011913
0.0.2137953,32600
0.0.2135532,7464.872147
0.0.2134090,0
0.0.2129896,0
0.0.2126871,15000
0.0.2125952,0
0.0.2125671,0
0.0.2124793,30000
0.0.2122869,0
0.0.2122738,0
0.0.2121656,0
0.0.2119197,0
0.0.2115892,0
0.0.2111556,0
0.0.2111375,0
0.0.2105266,0
0.0.2104952,0
0.0.2104888,0
0.0.2103926,17123.217013
0.0.2102566,0
0.0.2100888,0
0.0.2085279,0
0.0.2083205,0
0.0.2082362,0
0.0.2061956,45000
0.0.2047860,0
0.0.2037182,8349.413695
0.0.2036191,469.878248
0.0.2035309,1671415.19544
0.0.2031766,1000
0.0.2030671,0
0.0.2030667,0
0.0.2030460,0
0.0.2029586,0
0.0.2028070,0
0.0.2025807,0
0.0.2023805,215.722627
0.0.2015284,15000
0.0.2013853,0
0.0.2010706,0
0.0.2008764,0
0.0.2008257,60000
0.0.2008043,0
0.0.2007592,0
0.0.2007245,0
0.0.2007065,0
0.0.2006969,0
0.0.2006665,0
0.0.2004999,0
0.0.2001002,0
0.0.2000890,0
0.0.2000779,0
0.0.2000677,0
0.0.2000556,0
0.0.2000501,0
0.0.2000468,0
0.0.2000467,0
0.0.2000456,0
0.0.2000451,0
0.0.2000445,0
0.0.2000427,0
0.0.2000381,0
0.0.1999257,0
0.0.1996321,0
0.0.1995041,0
0.0.1990009,0
0.0.1986648,90000
0.0.1983095,0
0.0.1979679,0
0.0.1978158,0
0.0.1978097,0
0.0.1967924,0
0.0.1942183,0
0.0.1920276,0
0.0.1916524,0
0.0.1905646,0
0.0.1899744,0
0.0.1898882,0
0.0.1891469,0
0.0.1882571,0
0.0.1880235,0
0.0.1878635,0
0.0.1872630,75000
0.0.1862825,0
0.0.1861820,0
0.0.1805888,0
0.0.1794385,0
0.0.1792942,22525.434628
0.0.1786173,0
0.0.1776262,0
0.0.1775911,0
0.0.1764833,9963.678065
0.0.1760994,0
0.0.1757800,0
0.0.1754572,0
0.0.1754556,15000
0.0.1750694,0
0.0.1748743,0
0.0.1745927,0
0.0.1745174,0
0.0.1744281,30000.274268
0.0.1744190,0
0.0.1739190,0
0.0.1737806,0
0.0.1737504,0
0.0.1737479,0
0.0.1735570,0
0.0.1733408,40.889838
0.0.1728955,0
0.0.1725029,8442.96228
0.0.1722891,0
0.0.1719635,0
0.0.1715440,0
0.0.1715426,521000
0.0.1715105,2013253.753063
0.0.1714138,5000
0.0.1708785,0
0.0.1708350,0
0.0.1707037,0
0.0.1704837,0
0.0.1702386,0
0.0.1698335,0
0.0.1696576,0
0.0.1695377,34002.405803
0.0.1692881,0
0.0.1689790,0
0.0.1688814,0
0.0.1687110,0
0.0.1685962,0
0.0.1685946,0
0.0.1680706,127500
0.0.1680618,0
0.0.1680318,0
0.0.1677785,0
0.0.1675614,0
0.0.1673370,0
0.0.1672093,1155000
0.0.1666965,4155.604259
0.0.1666673,0
0.0.1645238,0
0.0.1644184,0
0.0.1640537,0.990932
0.0.1567065,0
0.0.1524707,0
0.0.1524681,15235.398788
0.0.1518714,0
0.0.1515519,0
0.0.1514485,29400
0.0.1513716,0
0.0.1503125,0
0.0.1501216,2188.649874
0.0.1497001,0
0.0.1487109,0
0.0.1487107,5103.428796
0.0.1486688,0
0.0.1485464,0
0.0.1484722,8750.461299
0.0.1480838,2625000
0.0.1480572,0
0.0.1478185,1036.999604
0.0.1477725,45000
0.0.1476004,0
0.0.1470278,65000
0.0.1468560,0
0.0.1468174,29636.673742
0.0.1463336,0
0.0.1461327,0
0.0.1455021,0
0.0.1453772,0
0.0.1453226,3.778562
0.0.1451523,0
0.0.1449557,0
0.0.1448704,0
0.0.1444714,0
0.0.1442079,0
0.0.1440622,254.15068
0.0.1440383,0
0.0.1438616,0
0.0.1431642,0
0.0.1429224,0
0.0.1425595,21245.52174
0.0.1425168,0
0.0.1421971,7073.263717
0.0.1420557,0
0.0.1416667,4050
0.0.1416408,0
0.0.1416263,0
0.0.1414659,1460000
0.0.1413343,15542.671101
0.0.1413334,0
0.0.1411776,0
0.0.1408630,0
0.0.1405909,0
0.0.1405846,0
0.0.1405816,148.566939
0.0.1403997,0
0.0.1400045,2200.417506
0.0.1399621,0
0.0.1398947,5000
0.0.1395118,0
0.0.1394754,0
0.0.1393707,30000
0.0.1391797,0
0.0.1391028,8687.77254
0.0.1385889,0
0.0.1385189,0
0.0.1384156,0
0.0.1383669,35368.871213
0.0.1383337,0
0.0.1382117,0
0.0.1381571,1137.817608
0.0.1381489,0
0.0.1381031,3578.739753
0.0.1380480,0
0.0.1378699,15000
0.0.1377127,0
0.0.1372987,20.431737
0.0.1370531,0
0.0.1370486,136884.050372
0.0.1370457,0
0.0.1369274,0
0.0.1368640,60000
0.0.1366148,0
0.0.1365264,0
0.0.1357174,0
0.0.1357150,285000
0.0.1356034,0
0.0.1355809,1425000
0.0.1354118,0
0.0.1353334,15000
0.0.1352341,0
0.0.1352134,0
0.0.1347358,15000
0.0.1345580,12251.360235
0.0.1341919,0
0.0.1339478,15000
0.0.1338506,0
0.0.1338227,0
0.0.1335588,15000
0.0.1334900,267422.706648
0.0.1334138,5000
0.0.1332780,75000
0.0.1330599,0
0.0.1330551,0
0.0.1325171,0
0.0.1324158,45656.848755
0.0.1320188,43653.933467
0.0.1312367,0
0.0.1311813,15000
0.0.1303525,0
0.0.1300860,4997.688279
0.0.1298527,0
0.0.1296578,5000
0.0.1291686,315000
0.0.1290721,0
0.0.1285385,52638.520023
0.0.1283679,0
0.0.1282414,180000
0.0.1282278,30000
0.0.1281855,0
0.0.1280938,0
0.0.1279148,0
0.0.1278848,0
0.0.1277587,0
0.0.1276212,0
0.0.1275619,0
0.0.1274288,0
0.0.1269540,546250
0.0.1262582,0
0.0.1260568,3653.75056
0.0.1260393,12274.629518
0.0.1252792,0
0.0.1238894,335.999658
0.0.1234031,0
0.0.1233480,0
0.0.1232069,9888.111271
0.0.1224023,0
0.0.1221339,0
0.0.1216146,0
0.0.1215186,0
0.0.1199096,0
0.0.1197760,5000
0.0.1194381,15000
0.0.1193922,0
0.0.1193267,0
0.0.1186292,410000
0.0.1184477,0
0.0.1183370,8.981321
0.0.1183339,120.256709
0.0.1177722,5000
0.0.1177120,10000
0.0.1176768,0
0.0.1176331,62301.076512
0.0.1171595,0
0.0.1170731,301.240486
0.0.1159806,15000
0.0.1158613,0
0.0.1158436,0
0.0.1158066,0
0.0.1157906,0
0.0.1157596,0
0.0.1157460,0
0.0.1157254,54132.734762
0.0.1156681,45000
0.0.1156372,433.639848
0.0.1155019,0
0.0.1154993,0
0.0.1154922,0
0.0.1154748,0
0.0.1154733,550
0.0.1152786,30000
0.0.1152123,0
0.0.1146504,0
0.0.1146331,0
0.0.1145999,0
0.0.1145727,15000
0.0.1144381,0
0.0.1142411,0
0.0.1141876,0
0.0.1138427,0
0.0.1137936,0
0.0.1137064,0
0.0.1136658,43.145454
0.0.1136618,0
0.0.1136511,0
0.0.1135036,0
0.0.1133888,474000.373567
0.0.1133493,975.139458
0.0.1133386,600000
0.0.1133134,30000
0.0.1132575,95.423405
0.0.1132081,0
0.0.1131460,0
0.0.1130868,60000
0.0.1126576,0
0.0.1125727,60000
0.0.1124961,0
0.0.1123753,0
0.0.1120498,60000
0.0.1120388,8370.789247
0.0.1117719,15000
0.0.1117391,0
0.0.1117335,247500
0.0.1117304,75000
0.0.1117243,54897.06896
0.0.1116944,5573.860141
0.0.1116833,34.226154
0.0.1116317,0
0.0.1114610,60000
0.0.1112484,0
0.0.1112309,3915.270887
0.0.1111986,0
0.0.1110801,5133.923083
0.0.1107988,9000
0.0.1105728,165000
0.0.1105136,0
0.0.1099467,1176024.927572
0.0.1098885,0
0.0.1097539,0
0.0.1097530,2500
0.0.1097183,7500
0.0.1097012,215437.5
0.0.1096712,17.302025
0.0.1096330,15000
0.0.1095660,0
0.0.1095571,0
0.0.1094114,13788.25245
0.0.1093316,0
0.0.1093034,0
0.0.1092948,0
0.0.1092941,0
0.0.1092803,0
0.0.1089819,0
0.0.1089293,45000
0.0.1088883,0
0.0.1087845,2137.768418
0.0.1087040,0
0.0.1087027,0
0.0.1084718,0
0.0.1084371,0
0.0.1083926,7348.539166
0.0.1079522,5523.13551
0.0.1079361,0
0.0.1079329,0
0.0.1078179,70000
0.0.1076965,0
0.0.1076475,420000
0.0.1076261,0
0.0.1074226,0
0.0.1073706,0
0.0.1072997,2500
0.0.1072342,0
0.0.1072258,20528.086382
0.0.1072088,0
0.0.1071285,25000
0.0.1071032,0
0.0.1070881,6933.57497
0.0.1069085,0
0.0.1069073,0
0.0.1069063,0
0.0.1069052,0
0.0.1069039,0
0.0.1069026,0
0.0.1067252,15000
0.0.1066894,15000
0.0.1066833,0
0.0.1066196,0
0.0.1065648,0
0.0.1065199,7500
0.0.1064574,0
0.0.1063893,32392.51474
0.0.1063517,15000
0.0.1063232,0
0.0.1063157,1260000
0.0.1058924,0
0.0.1057418,0
0.0.1057408,210000
0.0.1057364,1625.582715
0.0.1057057,14928.152551
0.0.1056380,109760.198057
0.0.1056350,22500
0.0.1055818,0
0.0.1055166,0.000002
0.0.1054737,3889500
0.0.1054026,15000
0.0.1053252,0
0.0.1053218,0
0.0.1053216,0
0.0.1053213,0
0.0.1053210,0
0.0.1051968,0
0.0.1050108,0
0.0.1049920,0
0.0.1049919,0
0.0.1049917,0
0.0.1049915,0
0.0.1049812,0
0.0.1049421,0
0.0.1049144,15000
0.0.1048482,180000
0.0.1048446,135000
0.0.1047698,0
0.0.1044662,0
0.0.1044659,0
0.0.1044656,0
0.0.1044567,0
0.0.1044543,10000
0.0.1043927,537.067833
0.0.1043583,800000
0.0.1042788,1279.54048
0.0.1039268,30000
0.0.1036441,0
0.0.1036353,0
0.0.1035754,0
0.0.1035628,184500
0.0.1035118,0
0.0.1029324,0
0.0.1028816,0
0.0.1028533,0
0.0.1026640,0
0.0.1026050,7500
0.0.1025968,0
0.0.1024707,0
0.0.1021965,5781.436416
0.0.1017856,0
0.0.1016797,0
0.0.1008961,360000
0.0.1008120,16841.896978
0.0.1008009,15000
0.0.1004077,0
0.0.1003794,180000
0.0.1002603,149.58
0.0.997927,0
0.0.995022,0
0.0.993749,0
0.0.990188,1704.517808
0.0.990023,495000
0.0.988036,75000
0.0.978216,0
0.0.975893,334.989719
0.0.974364,35000
0.0.972933,79500
0.0.967174,0
0.0.965330,20000
0.0.961733,0
0.0.958699,1004.49993
0.0.957361,7500
0.0.954296,0
0.0.944899,0
0.0.944161,1000
0.0.943098,0
0.0.940667,45000
0.0.940221,0
0.0.939841,30000
0.0.937979,0
0.0.935283,0
0.0.926064,50000.999998
0.0.924713,0
0.0.921997,0
0.0.914727,29240.870635
0.0.914101,0
0.0.912492,0
0.0.907686,0
0.0.906269,0
0.0.898540,0
0.0.895105,0
0.0.894513,15000
0.0.894432,0
0.0.892815,0
0.0.890375,5596.092119
0.0.889583,30000
0.0.886266,0
0.0.884332,0
0.0.884321,0
0.0.879849,1985.928783
0.0.878213,0
0.0.874252,0
0.0.869089,0
0.0.867549,79615.666808
0.0.867130,30000
0.0.864353,0
0.0.864216,0
0.0.863325,0
0.0.858580,2114.941998
0.0.851197,0
0.0.851163,100
0.0.850710,0
0.0.848865,0
0.0.848503,0
0.0.848416,46042.908287
0.0.846781,0
0.0.845496,0
0.0.845391,0
0.0.844894,0
0.0.844585,0
0.0.844560,0
0.0.844175,6117.275311
0.0.843142,0
0.0.843137,15000
0.0.842540,0
0.0.842247,0
0.0.841397,100
0.0.840600,0
0.0.840512,0
0.0.840180,25000
0.0.840074,20657.001571
0.0.839530,0
0.0.839475,0
0.0.838388,0
0.0.838218,11001.587319
0.0.837852,29480.898339
0.0.837706,100077.266256
0.0.836888,60000
0.0.836466,37736.712955
0.0.836120,0
0.0.835561,10000
0.0.834931,0
0.0.834820,0
0.0.834461,0
0.0.834095,0
0.0.833779,135000
0.0.833402,0
0.0.833250,0
0.0.833159,15000
0.0.832891,0
0.0.832729,0
0.0.831944,0
0.0.831333,0
0.0.831310,15000
0.0.829118,5422.694649
0.0.828621,1510.496757
0.0.828167,195000
0.0.827243,0
0.0.826804,0
0.0.826008,0
0.0.825219,0
0.0.824900,0
0.0.822863,0
0.0.820194,0
0.0.819934,0
0.0.818763,1760.558337
0.0.818400,0
0.0.816244,0
0.0.814610,0
0.0.813792,30000
0.0.813132,0
0.0.812534,0
0.0.808062,0
0.0.805717,0
0.0.798490,95784.310889
0.0.798487,11161.566593
0.0.798408,29253.555829
0.0.795297,0
0.0.794164,262041.695329
0.0.793407,0
0.0.791797,6179.204377
0.0.789588,3459.150758
0.0.789038,0
0.0.787107,0
0.0.782574,0
0.0.782213,0.011775
0.0.781339,375012.708444
0.0.780763,0
0.0.776339,1500
0.0.775583,5536.572324
0.0.774239,0
0.0.774081,0
0.0.771591,0
0.0.771060,0
0.0.770495,0
0.0.767495,0
0.0.766864,0
0.0.766224,0
0.0.763451,0
0.0.762068,15000
0.0.755014,0
0.0.751078,0
0.0.750294,10000
0.0.749646,49500
0.0.742020,0
0.0.741995,0
0.0.741756,0
0.0.735374,0
0.0.733147,0
0.0.727629,0
0.0.725921,0
0.0.725455,0
0.0.725391,10813.664831
0.0.725108,46519.614557
0.0.724905,3928.534854
0.0.723907,0
0.0.722034,293934.701736
0.0.716133,55005.548249
0.0.713004,150000
0.0.711919,107.258847
0.0.710330,165000
0.0.709504,0
0.0.709011,8512.579572
0.0.708859,0
0.0.707855,0
0.0.707749,67500
0.0.706113,980.910867
0.0.706018,1263.775298
0.0.705995,11.455495
0.0.705260,0
0.0.704106,210000
0.0.703974,300000
0.0.702708,0
0.0.700278,3543.274588
0.0.699534,0
0.0.697552,30000
0.0.696712,0
0.0.696175,33225.018493
0.0.695450,60000
0.0.694381,37000
0.0.693645,742500
0.0.692862,0
0.0.692663,19829.932788
0.0.692010,15000
0.0.690486,15000
0.0.689127,0
0.0.683607,75291.328595
0.0.665927,16501.974046
0.0.664593,30000
0.0.664534,0
0.0.663580,15000
0.0.663424,1205.193229
0.0.662878,270000
0.0.659316,165000
0.0.657759,30874.332123
0.0.657506,0
0.0.657097,10015.711853
0.0.656864,354.277643
0.0.656199,0
0.0.655736,0
0.0.655484,0
0.0.653152,0
0.0.653082,30000
0.0.651035,9582.90281
0.0.643909,0
0.0.643849,0
0.0.643199,0
0.0.641771,0
0.0.640856,0
0.0.640642,15000
0.0.639830,0
0.0.638341,0
0.0.637134,0
0.0.636142,103.177875
0.0.635990,7500
0.0.628683,0
0.0.627512,0
0.0.625759,5000
0.0.621643,15000
0.0.621029,0
0.0.618278,45000
0.0.616912,0
0.0.615651,0
0.0.605911,30000
0.0.604766,0
0.0.604334,0
0.0.604193,0
0.0.601681,0
0.0.599826,15439.328918
0.0.589629,24649.942678
0.0.589556,0
0.0.589369,0
0.0.589122,0
0.0.588348,0
0.0.583707,0
0.0.579784,61343.007272
0.0.567851,0
0.0.560571,0
0.0.555599,10000
0.0.542474,0
0.0.540240,0
0.0.535938,2091.079105
0.0.525256,9746.071807
0.0.518841,120000
0.0.516971,0
0.0.516255,15000
0.0.514310,0
0.0.513075,101786.79707
0.0.512336,195000
0.0.512226,60000
0.0.512215,0
0.0.511574,0
0.0.511420,0
0.0.508854,15000
0.0.503513,64879.95056
0.0.503320,0
0.0.488329,15000
0.0.483000,859732.85295
0.0.482069,36721.34725
0.0.481717,1250000.000489
0.0.480789,0
0.0.480627,0
0.0.480298,1690.590669
0.0.479387,0
0.0.476700,1000
0.0.467766,15000
0.0.467167,0
0.0.467068,0
0.0.458426,15000
0.0.456604,0
0.0.456097,0
0.0.455622,2953.561922
0.0.454916,15000
0.0.454863,6151.071888
0.0.454556,0
0.0.454022,353417.980664
0.0.452841,100000
0.0.445967,0
0.0.428186,55648.647831
0.0.401124,0
0.0.401107,0
0.0.397626,0
0.0.367605,0
0.0.332078,0
0.0.274642,0
0.0.267573,0
0.0.261557,210000
0.0.260500,15000
0.0.255958,0
0.0.216355,0
0.0.204362,15000
0.0.181181,0
0.0.179432,10000.33
0.0.168217,0
0.0.121378,15000
0.0.120000,0
0.0.111445,0
0.0.108304,20516.539372
0.0.55460,75581.503282
0.0.44707,0
0.0.44281,0
0.0.44268,165000
0.0.27645,0
0.0.24984,0
0.0.6279,95452.27378